observation_date,NJICLAIMS
1986-02-15,8126
1986-02-22,11085
1986-03-01,9765
1986-03-08,9904
1986-03-15,10454
1986-03-22,8557
1986-03-29,8175
1986-04-05,10555
1986-04-12,8611
1986-04-19,8477
1986-04-26,8969
1986-05-03,8337
1986-05-10,8303
1986-05-17,7699
1986-05-24,7595
1986-05-31,6616
1986-06-07,8325
1986-06-14,7817
1986-06-21,9065
1986-06-28,10829
1986-07-05,13777
1986-07-12,0
1986-07-19,0
1986-07-26,7846
1986-08-02,8550
1986-08-09,9073
1986-08-16,7058
1986-08-23,6872
1986-08-30,6692
1986-09-06,7257
1986-09-13,6917
1986-09-20,7144
1986-09-27,6871
1986-10-04,
1986-10-11,8136
1986-10-18,6768
1986-10-25,7441
1986-11-01,7802
1986-11-08,7353
1986-11-15,7554
1986-11-22,9207
1986-11-29,6814
1986-12-06,11337
1986-12-13,11091
1986-12-20,12137
1986-12-27,12956
1987-01-03,13137
1987-01-10,19962
1987-01-17,17682
1987-01-24,7480
1987-01-31,13171
1987-02-07,14286
1987-02-14,8125
1987-02-21,9012
1987-02-28,9272
1987-03-07,8966
1987-03-14,7485
1987-03-21,7257
1987-03-28,7060
1987-04-04,7475
1987-04-11,9003
1987-04-18,7313
1987-04-25,8528
1987-05-02,8179
1987-05-09,7343
1987-05-16,6376
1987-05-23,6499
1987-05-30,5534
1987-06-06,6844
1987-06-13,6810
1987-06-20,7324
1987-06-27,10134
1987-07-04,9192
1987-07-11,13580
1987-07-18,8829
1987-07-25,7600
1987-08-01,7278
1987-08-08,7410
1987-08-15,5921
1987-08-22,5925
1987-08-29,5413
1987-09-05,6244
1987-09-12,4708
1987-09-19,5910
1987-09-26,5984
1987-10-03,6244
1987-10-10,7054
1987-10-17,5480
1987-10-24,6728
1987-10-31,7178
1987-11-07,6525
1987-11-14,7103
1987-11-21,9527
1987-11-28,6872
1987-12-05,11315
1987-12-12,10450
1987-12-19,9666
1987-12-26,12015
1988-01-02,12831
1988-01-09,19041
1988-01-16,23061
1988-01-23,10473
1988-01-30,10790
1988-02-06,9569
1988-02-13,7934
1988-02-20,8243
1988-02-27,8737
1988-03-05,8247
1988-03-12,7010
1988-03-19,6378
1988-03-26,7368
1988-04-02,6206
1988-04-09,9897
1988-04-16,8427
1988-04-23,8313
1988-04-30,6918
1988-05-07,7460
1988-05-14,6660
1988-05-21,6464
1988-05-28,6891
1988-06-04,5537
1988-06-11,7235
1988-06-18,7078
1988-06-25,9053
1988-07-02,10842
1988-07-09,10499
1988-07-16,11351
1988-07-23,10172
1988-07-30,9647
1988-08-06,7767
1988-08-13,6571
1988-08-20,6049
1988-08-27,6104
1988-09-03,6362
1988-09-10,5352
1988-09-17,6869
1988-09-24,5092
1988-10-01,7014
1988-10-08,7868
1988-10-15,5116
1988-10-22,7913
1988-10-29,7156
1988-11-05,8049
1988-11-12,6192
1988-11-19,7290
1988-11-26,7491
1988-12-03,8984
1988-12-10,10223
1988-12-17,10586
1988-12-24,14319
1988-12-31,13984
1989-01-07,19370
1989-01-14,12796
1989-01-21,14489
1989-01-28,11895
1989-02-04,10571
1989-02-11,9180
1989-02-18,8144
1989-02-25,7923
1989-03-04,9920
1989-03-11,8183
1989-03-18,9207
1989-03-25,7537
1989-04-01,8827
1989-04-08,9501
1989-04-15,8975
1989-04-22,9015
1989-04-29,8111
1989-05-06,7580
1989-05-13,8071
1989-05-20,7177
1989-05-27,9268
1989-06-03,5885
1989-06-10,8380
1989-06-17,8522
1989-06-24,10154
1989-07-01,11431
1989-07-08,10172
1989-07-15,12978
1989-07-22,13689
1989-07-29,10576
1989-08-05,10215
1989-08-12,8625
1989-08-19,7690
1989-08-26,7906
1989-09-02,7474
1989-09-09,6577
1989-09-16,8289
1989-09-23,7741
1989-09-30,7555
1989-10-07,8672
1989-10-14,11208
1989-10-21,8331
1989-10-28,8899
1989-11-04,9506
1989-11-11,8103
1989-11-18,10737
1989-11-25,9326
1989-12-02,9480
1989-12-09,14364
1989-12-16,12581
1989-12-23,16563
1989-12-30,16556
1990-01-06,21175
1990-01-13,21725
1990-01-20,14597
1990-01-27,13831
1990-02-03,14537
1990-02-10,13716
1990-02-17,10160
1990-02-24,9539
1990-03-03,11946
1990-03-10,10585
1990-03-17,10047
1990-03-24,8834
1990-03-31,8531
1990-04-07,10332
1990-04-14,9377
1990-04-21,11225
1990-04-28,10145
1990-05-05,9897
1990-05-12,8926
1990-05-19,8272
1990-05-26,9598
1990-06-02,7888
1990-06-09,9848
1990-06-16,10375
1990-06-23,12517
1990-06-30,12335
1990-07-07,11850
1990-07-14,14624
1990-07-21,11699
1990-07-28,10600
1990-08-04,12874
1990-08-11,9950
1990-08-18,8276
1990-08-25,10291
1990-09-01,8694
1990-09-08,7850
1990-09-15,10795
1990-09-22,9806
1990-09-29,9143
1990-10-06,11694
1990-10-13,9450
1990-10-20,12739
1990-10-27,11254
1990-11-03,11961
1990-11-10,12120
1990-11-17,12514
1990-11-24,10868
1990-12-01,12462
1990-12-08,16014
1990-12-15,16021
1990-12-22,19835
1990-12-29,17320
1991-01-05,19476
1991-01-12,25441
1991-01-19,22576
1991-01-26,14787
1991-02-02,18889
1991-02-09,16177
1991-02-16,12425
1991-02-23,15282
1991-03-02,15077
1991-03-09,14681
1991-03-16,12015
1991-03-23,12019
1991-03-30,10612
1991-04-06,12747
1991-04-13,13820
1991-04-20,15563
1991-04-27,11875
1991-05-04,11300
1991-05-11,11100
1991-05-18,10487
1991-05-25,10620
1991-06-01,8700
1991-06-08,11327
1991-06-15,11314
1991-06-22,14009
1991-06-29,15561
1991-07-06,13939
1991-07-13,16276
1991-07-20,14277
1991-07-27,12408
1991-08-03,11770
1991-08-10,11199
1991-08-17,10620
1991-08-24,9594
1991-08-31,10603
1991-09-07,8205
1991-09-14,11099
1991-09-21,10702
1991-09-28,10884
1991-10-05,12548
1991-10-12,13207
1991-10-19,9902
1991-10-26,11598
1991-11-02,12630
1991-11-09,11747
1991-11-16,12708
1991-11-23,16409
1991-11-30,9989
1991-12-07,17273
1991-12-14,18613
1991-12-21,16690
1991-12-28,19047
1992-01-04,18339
1992-01-11,24106
1992-01-18,19813
1992-01-25,15073
1992-02-01,15345
1992-02-08,16217
1992-02-15,12901
1992-02-22,12687
1992-02-29,13119
1992-03-07,12353
1992-03-14,13054
1992-03-21,10796
1992-03-28,10508
1992-04-04,10562
1992-04-11,11915
1992-04-18,10385
1992-04-25,14222
1992-05-02,10855
1992-05-09,11226
1992-05-16,9898
1992-05-23,10537
1992-05-30,8249
1992-06-06,10078
1992-06-13,10101
1992-06-20,12151
1992-06-27,15068
1992-07-04,12105
1992-07-11,17753
1992-07-18,13579
1992-07-25,12739
1992-08-01,11472
1992-08-08,10974
1992-08-15,10041
1992-08-22,9634
1992-08-29,8200
1992-09-05,9960
1992-09-12,7767
1992-09-19,9921
1992-09-26,9283
1992-10-03,9413
1992-10-10,11699
1992-10-17,9018
1992-10-24,10055
1992-10-31,9531
1992-11-07,10743
1992-11-14,9957
1992-11-21,11164
1992-11-28,8614
1992-12-05,14055
1992-12-12,12229
1992-12-19,12853
1992-12-26,12628
1993-01-02,13640
1993-01-09,23111
1993-01-16,18399
1993-01-23,11916
1993-01-30,11877
1993-02-06,11895
1993-02-13,10285
1993-02-20,10538
1993-02-27,10765
1993-03-06,10745
1993-03-13,10986
1993-03-20,9479
1993-03-27,9240
1993-04-03,9564
1993-04-10,12168
1993-04-17,12549
1993-04-24,10226
1993-05-01,8937
1993-05-08,8894
1993-05-15,9355
1993-05-22,10910
1993-05-29,10204
1993-06-05,7684
1993-06-12,8781
1993-06-19,9288
1993-06-26,10982
1993-07-03,13389
1993-07-10,12877
1993-07-17,13788
1993-07-24,9776
1993-07-31,8785
1993-08-07,9558
1993-08-14,8490
1993-08-21,7896
1993-08-28,7806
1993-09-04,8095
1993-09-11,7675
1993-09-18,8255
1993-09-25,7766
1993-10-02,7877
1993-10-09,11375
1993-10-16,8335
1993-10-23,9566
1993-10-30,9409
1993-11-06,9552
1993-11-13,9288
1993-11-20,11850
1993-11-27,7768
1993-12-04,12417
1993-12-11,12127
1993-12-18,12503
1993-12-25,12385
1994-01-01,15797
1994-01-08,22928
1994-01-15,18821
1994-01-22,13861
1994-01-29,13764
1994-02-05,13759
1994-02-12,9495
1994-02-19,11662
1994-02-26,9832
1994-03-05,11532
1994-03-12,10157
1994-03-19,9522
1994-03-26,8802
1994-04-02,7596
1994-04-09,12689
1994-04-16,10960
1994-04-23,9214
1994-04-30,9637
1994-05-07,9303
1994-05-14,9248
1994-05-21,9085
1994-05-28,8851
1994-06-04,8067
1994-06-11,8928
1994-06-18,8895
1994-06-25,10420
1994-07-02,14671
1994-07-09,14394
1994-07-16,14281
1994-07-23,11130
1994-07-30,9057
1994-08-06,9677
1994-08-13,8473
1994-08-20,8393
1994-08-27,7872
1994-09-03,7984
1994-09-10,7690
1994-09-17,8350
1994-09-24,8144
1994-10-01,7605
1994-10-08,10702
1994-10-15,9953
1994-10-22,10142
1994-10-29,9434
1994-11-05,10899
1994-11-12,7934
1994-11-19,12702
1994-11-26,8031
1994-12-03,12113
1994-12-10,12352
1994-12-17,12762
1994-12-24,14098
1994-12-31,16540
1995-01-07,15949
1995-01-14,21360
1995-01-21,13273
1995-01-28,12698
1995-02-04,13135
1995-02-11,13525
1995-02-18,11708
1995-02-25,11351
1995-03-04,11192
1995-03-11,11148
1995-03-18,9486
1995-03-25,9112
1995-04-01,8846
1995-04-08,11114
1995-04-15,9568
1995-04-22,13232
1995-04-29,11242
1995-05-06,10035
1995-05-13,9752
1995-05-20,9612
1995-05-27,8813
1995-06-03,8427
1995-06-10,9594
1995-06-17,10748
1995-06-24,14439
1995-07-01,15315
1995-07-08,14226
1995-07-15,13584
1995-07-22,10170
1995-07-29,9084
1995-08-05,9688
1995-08-12,9172
1995-08-19,8904
1995-08-26,8447
1995-09-02,8615
1995-09-09,7808
1995-09-16,8742
1995-09-23,8869
1995-09-30,8999
1995-10-07,11333
1995-10-14,8879
1995-10-21,10299
1995-10-28,10120
1995-11-04,10831
1995-11-11,8367
1995-11-18,13586
1995-11-25,8650
1995-12-02,12737
1995-12-09,12452
1995-12-16,15579
1995-12-23,15276
1995-12-30,16997
1996-01-06,17351
1996-01-13,16667
1996-01-20,19033
1996-01-27,15501
1996-02-03,13312
1996-02-10,12239
1996-02-17,10012
1996-02-24,10662
1996-03-02,10530
1996-03-09,9960
1996-03-16,12837
1996-03-23,10136
1996-03-30,9021
1996-04-06,8576
1996-04-13,11720
1996-04-20,10878
1996-04-27,10025
1996-05-04,8681
1996-05-11,9311
1996-05-18,8887
1996-05-25,8107
1996-06-01,7488
1996-06-08,9563
1996-06-15,9182
1996-06-22,10655
1996-06-29,14187
1996-07-06,13777
1996-07-13,13681
1996-07-20,9917
1996-07-27,9420
1996-08-03,8560
1996-08-10,9535
1996-08-17,9042
1996-08-24,8612
1996-08-31,7410
1996-09-07,7401
1996-09-14,9294
1996-09-21,8933
1996-09-28,8214
1996-10-05,9008
1996-10-12,9785
1996-10-19,8286
1996-10-26,9682
1996-11-02,9137
1996-11-09,8559
1996-11-16,10079
1996-11-23,12069
1996-11-30,8289
1996-12-07,11079
1996-12-14,12466
1996-12-21,13524
1996-12-28,18068
1997-01-04,14470
1997-01-11,18964
1997-01-18,16346
1997-01-25,11970
1997-02-01,11591
1997-02-08,11500
1997-02-15,9813
1997-02-22,9210
1997-03-01,10407
1997-03-08,9211
1997-03-15,8404
1997-03-22,8256
1997-03-29,7650
1997-04-05,12226
1997-04-12,9679
1997-04-19,8376
1997-04-26,10679
1997-05-03,9594
1997-05-10,8195
1997-05-17,8249
1997-05-24,7722
1997-05-31,7171
1997-06-07,9001
1997-06-14,9120
1997-06-21,12038
1997-06-28,14404
1997-07-05,12438
1997-07-12,11115
1997-07-19,8916
1997-07-26,8316
1997-08-02,7977
1997-08-09,8417
1997-08-16,8795
1997-08-23,7896
1997-08-30,7694
1997-09-06,6835
1997-09-13,7820
1997-09-20,7303
1997-09-27,7029
1997-10-04,8114
1997-10-11,8568
1997-10-18,7518
1997-10-25,9029
1997-11-01,8816
1997-11-08,8326
1997-11-15,9746
1997-11-22,11082
1997-11-29,8162
1997-12-06,12183
1997-12-13,11903
1997-12-20,11506
1997-12-27,16157
1998-01-03,16215
1998-01-10,18189
1998-01-17,15510
1998-01-24,10013
1998-01-31,11054
1998-02-07,10960
1998-02-14,8373
1998-02-21,9413
1998-02-28,8943
1998-03-07,8590
1998-03-14,8996
1998-03-21,8319
1998-03-28,7587
1998-04-04,8057
1998-04-11,8087
1998-04-18,12413
1998-04-25,9730
1998-05-02,7944
1998-05-09,7835
1998-05-16,7861
1998-05-23,7379
1998-05-30,7369
1998-06-06,7816
1998-06-13,11014
1998-06-20,11696
1998-06-27,14142
1998-07-04,9699
1998-07-11,12734
1998-07-18,8736
1998-07-25,8650
1998-08-01,6911
1998-08-08,8131
1998-08-15,7836
1998-08-22,7099
1998-08-29,6793
1998-09-05,7561
1998-09-12,6409
1998-09-19,7313
1998-09-26,7164
1998-10-03,7905
1998-10-10,8393
1998-10-17,7335
1998-10-24,8432
1998-10-31,8802
1998-11-07,8198
1998-11-14,9744
1998-11-21,10424
1998-11-28,7309
1998-12-05,12108
1998-12-12,11006
1998-12-19,10379
1998-12-26,12944
1999-01-02,14566
1999-01-09,19892
1999-01-16,15524
1999-01-23,10043
1999-01-30,11252
1999-02-06,10939
1999-02-13,8244
1999-02-20,9262
1999-02-27,9455
1999-03-06,8870
1999-03-13,8138
1999-03-20,8213
1999-03-27,8261
1999-04-03,8642
1999-04-10,12522
1999-04-17,8766
1999-04-24,9052
1999-05-01,7622
1999-05-08,7288
1999-05-15,7674
1999-05-22,6888
1999-05-29,7135
1999-06-05,6843
1999-06-12,7705
1999-06-19,9521
1999-06-26,12282
1999-07-03,12771
1999-07-10,10141
1999-07-17,8489
1999-07-24,8407
1999-07-31,7117
1999-08-07,8654
1999-08-14,7772
1999-08-21,7053
1999-08-28,7365
1999-09-04,7230
1999-09-11,5808
1999-09-18,6078
1999-09-25,7393
1999-10-02,7190
1999-10-09,7821
1999-10-16,6319
1999-10-23,7323
1999-10-30,7346
1999-11-06,7700
1999-11-13,8229
1999-11-20,8703
1999-11-27,6896
1999-12-04,10710
1999-12-11,10400
1999-12-18,10326
1999-12-25,11456
2000-01-01,14063
2000-01-08,20101
2000-01-15,13119
2000-01-22,11656
2000-01-29,11171
2000-02-05,11779
2000-02-12,8626
2000-02-19,9055
2000-02-26,8169
2000-03-04,8192
2000-03-11,7716
2000-03-18,7020
2000-03-25,6849
2000-04-01,7129
2000-04-08,7606
2000-04-15,6873
2000-04-22,8799
2000-04-29,11663
2000-05-06,8689
2000-05-13,7513
2000-05-20,6823
2000-05-27,6670
2000-06-03,6375
2000-06-10,7366
2000-06-17,8179
2000-06-24,12685
2000-07-01,14789
2000-07-08,9780
2000-07-15,8772
2000-07-22,7790
2000-07-29,7245
2000-08-05,8027
2000-08-12,7533
2000-08-19,8130
2000-08-26,7409
2000-09-02,6803
2000-09-09,6734
2000-09-16,6779
2000-09-23,6331
2000-09-30,6154
2000-10-07,7888
2000-10-14,6205
2000-10-21,7483
2000-10-28,7112
2000-11-04,8483
2000-11-11,7114
2000-11-18,10251
2000-11-25,6463
2000-12-02,11315
2000-12-09,11622
2000-12-16,10188
2000-12-23,12352
2000-12-30,19570
2001-01-06,17517
2001-01-13,18367
2001-01-20,10572
2001-01-27,11156
2001-02-03,11113
2001-02-10,10025
2001-02-17,8467
2001-02-24,9274
2001-03-03,8781
2001-03-10,8360
2001-03-17,8629
2001-03-24,7956
2001-03-31,7407
2001-04-07,9443
2001-04-14,10575
2001-04-21,12371
2001-04-28,9146
2001-05-05,8403
2001-05-12,9036
2001-05-19,7800
2001-05-26,8226
2001-06-02,7003
2001-06-09,9160
2001-06-16,9598
2001-06-23,15389
2001-06-30,15132
2001-07-07,12328
2001-07-14,11705
2001-07-21,10539
2001-07-28,9245
2001-08-04,9378
2001-08-11,8547
2001-08-18,8145
2001-08-25,8309
2001-09-01,8061
2001-09-08,6969
2001-09-15,7568
2001-09-22,9301
2001-09-29,10144
2001-10-06,11130
2001-10-13,10681
2001-10-20,11628
2001-10-27,12060
2001-11-03,11912
2001-11-10,12359
2001-11-17,10947
2001-11-24,8625
2001-12-01,13285
2001-12-08,13244
2001-12-15,12628
2001-12-22,14331
2001-12-29,20412
2002-01-05,18920
2002-01-12,20110
2002-01-19,14311
2002-01-26,11202
2002-02-02,13493
2002-02-09,13346
2002-02-16,10856
2002-02-23,11977
2002-03-02,12367
2002-03-09,10479
2002-03-16,9692
2002-03-23,8948
2002-03-30,10542
2002-04-06,18815
2002-04-13,15479
2002-04-20,11870
2002-04-27,11255
2002-05-04,10855
2002-05-11,10605
2002-05-18,9808
2002-05-25,10466
2002-06-01,7775
2002-06-08,10278
2002-06-15,10546
2002-06-22,14857
2002-06-29,15818
2002-07-06,12989
2002-07-13,11096
2002-07-20,10996
2002-07-27,9933
2002-08-03,8732
2002-08-10,9918
2002-08-17,9307
2002-08-24,8960
2002-08-31,9440
2002-09-07,8006
2002-09-14,8836
2002-09-21,9854
2002-09-28,9826
2002-10-05,10162
2002-10-12,10368
2002-10-19,8374
2002-10-26,10669
2002-11-02,9568
2002-11-09,11477
2002-11-16,9568
2002-11-23,11721
2002-11-30,9799
2002-12-07,12004
2002-12-14,13851
2002-12-21,15134
2002-12-28,19118
2003-01-04,15021
2003-01-11,21386
2003-01-18,15886
2003-01-25,12513
2003-02-01,13522
2003-02-08,12525
2003-02-15,10604
2003-02-22,12212
2003-03-01,13090
2003-03-08,11028
2003-03-15,10055
2003-03-22,9124
2003-03-29,8815
2003-04-05,9963
2003-04-12,9766
2003-04-19,9392
2003-04-26,15955
2003-05-03,10936
2003-05-10,9498
2003-05-17,9711
2003-05-24,9341
2003-05-31,7847
2003-06-07,10428
2003-06-14,9875
2003-06-21,11791
2003-06-28,18207
2003-07-05,15927
2003-07-12,12890
2003-07-19,11103
2003-07-26,9624
2003-08-02,9219
2003-08-09,9793
2003-08-16,8540
2003-08-23,8084
2003-08-30,8980
2003-09-06,8905
2003-09-13,9658
2003-09-20,8918
2003-09-27,8742
2003-10-04,9325
2003-10-11,9575
2003-10-18,8142
2003-10-25,9481
2003-11-01,9750
2003-11-08,11953
2003-11-15,11251
2003-11-22,10045
2003-11-29,9265
2003-12-06,15367
2003-12-13,15189
2003-12-20,13492
2003-12-27,19422
2004-01-03,18606
2004-01-10,19368
2004-01-17,16003
2004-01-24,12961
2004-01-31,13196
2004-02-07,13570
2004-02-14,10183
2004-02-21,11353
2004-02-28,9797
2004-03-06,10129
2004-03-13,8795
2004-03-20,8734
2004-03-27,8229
2004-04-03,8882
2004-04-10,11038
2004-04-17,13917
2004-04-24,9407
2004-05-01,8632
2004-05-08,8700
2004-05-15,8010
2004-05-22,7994
2004-05-29,8723
2004-06-05,7834
2004-06-12,8850
2004-06-19,13191
2004-06-26,17955
2004-07-03,15642
2004-07-10,11116
2004-07-17,9227
2004-07-24,7868
2004-07-31,8027
2004-08-07,9106
2004-08-14,8997
2004-08-21,8892
2004-08-28,8441
2004-09-04,8282
2004-09-11,7490
2004-09-18,9081
2004-09-25,8207
2004-10-02,8450
2004-10-09,9263
2004-10-16,7891
2004-10-23,9369
2004-10-30,8639
2004-11-06,11644
2004-11-13,10292
2004-11-20,11249
2004-11-27,8294
2004-12-04,13887
2004-12-11,12191
2004-12-18,11762
2004-12-25,15530
2005-01-01,22299
2005-01-08,22582
2005-01-15,13386
2005-01-22,11670
2005-01-29,12169
2005-02-05,12768
2005-02-12,8243
2005-02-19,10317
2005-02-26,9798
2005-03-05,9467
2005-03-12,8775
2005-03-19,7870
2005-03-26,7374
2005-04-02,13296
2005-04-09,10264
2005-04-16,8723
2005-04-23,8294
2005-04-30,10020
2005-05-07,9003
2005-05-14,7823
2005-05-21,8138
2005-05-28,8444
2005-06-04,7906
2005-06-11,8040
2005-06-18,10314
2005-06-25,16893
2005-07-02,15679
2005-07-09,12046
2005-07-16,10205
2005-07-23,8444
2005-07-30,7559
2005-08-06,9343
2005-08-13,8247
2005-08-20,8144
2005-08-27,7507
2005-09-03,8160
2005-09-10,6623
2005-09-17,7925
2005-09-24,7966
2005-10-01,8636
2005-10-08,9779
2005-10-15,9131
2005-10-22,9260
2005-10-29,8539
2005-11-05,9759
2005-11-12,9130
2005-11-19,11513
2005-11-26,7706
2005-12-03,12305
2005-12-10,13916
2005-12-17,13177
2005-12-24,14040
2005-12-31,19563
2006-01-07,18476
2006-01-14,14346
2006-01-21,10087
2006-01-28,10399
2006-02-04,9843
2006-02-11,9203
2006-02-18,8245
2006-02-25,10642
2006-03-04,8918
2006-03-11,8244
2006-03-18,8078
2006-03-25,7654
2006-04-01,7483
2006-04-08,8979
2006-04-15,10604
2006-04-22,13142
2006-04-29,9519
2006-05-06,8024
2006-05-13,7444
2006-05-20,8197
2006-05-27,8162
2006-06-03,7343
2006-06-10,8304
2006-06-17,11028
2006-06-24,16319
2006-07-01,16109
2006-07-08,14537
2006-07-15,10884
2006-07-22,8895
2006-07-29,8206
2006-08-05,9635
2006-08-12,8175
2006-08-19,8855
2006-08-26,8351
2006-09-02,7780
2006-09-09,7463
2006-09-16,8242
2006-09-23,7801
2006-09-30,7466
2006-10-07,8803
2006-10-14,7751
2006-10-21,8343
2006-10-28,8609
2006-11-04,10066
2006-11-11,9299
2006-11-18,13115
2006-11-25,9235
2006-12-02,12431
2006-12-09,12375
2006-12-16,10603
2006-12-23,13261
2006-12-30,19561
2007-01-06,18573
2007-01-13,17291
2007-01-20,9851
2007-01-27,11302
2007-02-03,12038
2007-02-10,11816
2007-02-17,8003
2007-02-24,11452
2007-03-03,9485
2007-03-10,9398
2007-03-17,8250
2007-03-24,7707
2007-03-31,8478
2007-04-07,10669
2007-04-14,13612
2007-04-21,10387
2007-04-28,10059
2007-05-05,8458
2007-05-12,7937
2007-05-19,8488
2007-05-26,8619
2007-06-02,6951
2007-06-09,8432
2007-06-16,9455
2007-06-23,16142
2007-06-30,18269
2007-07-07,13136
2007-07-14,10368
2007-07-21,8196
2007-07-28,7855
2007-08-04,9051
2007-08-11,8647
2007-08-18,8641
2007-08-25,8895
2007-09-01,7810
2007-09-08,7662
2007-09-15,8722
2007-09-22,7974
2007-09-29,8192
2007-10-06,9534
2007-10-13,8149
2007-10-20,9122
2007-10-27,9270
2007-11-03,10432
2007-11-10,13158
2007-11-17,10147
2007-11-24,10643
2007-12-01,11812
2007-12-08,12801
2007-12-15,11706
2007-12-22,15446
2007-12-29,22305
2008-01-05,16986
2008-01-12,15222
2008-01-19,11943
2008-01-26,11013
2008-02-02,10498
2008-02-09,10256
2008-02-16,8957
2008-02-23,10451
2008-03-01,10025
2008-03-08,9678
2008-03-15,8754
2008-03-22,9611
2008-03-29,12905
2008-04-05,10168
2008-04-12,9484
2008-04-19,8986
2008-04-26,12507
2008-05-03,9248
2008-05-10,8798
2008-05-17,8769
2008-05-24,9484
2008-05-31,7491
2008-06-07,9872
2008-06-14,9920
2008-06-21,16918
2008-06-28,19760
2008-07-05,13995
2008-07-12,12160
2008-07-19,9677
2008-07-26,9051
2008-08-02,10056
2008-08-09,11022
2008-08-16,10886
2008-08-23,10762
2008-08-30,10056
2008-09-06,9357
2008-09-13,9348
2008-09-20,9887
2008-09-27,10152
2008-10-04,11996
2008-10-11,12387
2008-10-18,10730
2008-10-25,13427
2008-11-01,12891
2008-11-08,17597
2008-11-15,13868
2008-11-22,15094
2008-11-29,13270
2008-12-06,18386
2008-12-13,15998
2008-12-20,14132
2008-12-27,21462
2009-01-03,23187
2009-01-10,22475
2009-01-17,20519
2009-01-24,18335
2009-01-31,16784
2009-02-07,16249
2009-02-14,18342
2009-02-21,16076
2009-02-28,14103
2009-03-07,15632
2009-03-14,14298
2009-03-21,13519
2009-03-28,12128
2009-04-04,14496
2009-04-11,17781
2009-04-18,16161
2009-04-25,13351
2009-05-02,12590
2009-05-09,12944
2009-05-16,12007
2009-05-23,12319
2009-05-30,10198
2009-06-06,13519
2009-06-13,13049
2009-06-20,16219
2009-06-27,24095
2009-07-04,19065
2009-07-11,16177
2009-07-18,13505
2009-07-25,11957
2009-08-01,11466
2009-08-08,11810
2009-08-15,11762
2009-08-22,10491
2009-08-29,11859
2009-09-05,11159
2009-09-12,10385
2009-09-19,11704
2009-09-26,11685
2009-10-03,12272
2009-10-10,12893
2009-10-17,10432
2009-10-24,11772
2009-10-31,11569
2009-11-07,15722
2009-11-14,13502
2009-11-21,13508
2009-11-28,11120
2009-12-05,14229
2009-12-12,13395
2009-12-19,14667
2009-12-26,17207
2010-01-02,19684
2010-01-09,23073
2010-01-16,14506
2010-01-23,13511
2010-01-30,11692
2010-02-06,12204
2010-02-13,10074
2010-02-20,14953
2010-02-27,10981
2010-03-06,11260
2010-03-13,11794
2010-03-20,9273
2010-03-27,10988
2010-04-03,14570
2010-04-10,13703
2010-04-17,9926
2010-04-24,9368
2010-05-01,8401
2010-05-08,10763
2010-05-15,9973
2010-05-22,10116
2010-05-29,9423
2010-06-05,9033
2010-06-12,9559
2010-06-19,11267
2010-06-26,19218
2010-07-03,25385
2010-07-10,14800
2010-07-17,12697
2010-07-24,9760
2010-07-31,10884
2010-08-07,10196
2010-08-14,11039
2010-08-21,10123
2010-08-28,10439
2010-09-04,10624
2010-09-11,8886
2010-09-18,10750
2010-09-25,9319
2010-10-02,11451
2010-10-09,12763
2010-10-16,9655
2010-10-23,10960
2010-10-30,11647
2010-11-06,13728
2010-11-13,11666
2010-11-20,12454
2010-11-27,9810
2010-12-04,14423
2010-12-11,12311
2010-12-18,14546
2010-12-25,15804
2011-01-01,18871
2011-01-08,21451
2011-01-15,16872
2011-01-22,15175
2011-01-29,12138
2011-02-05,13015
2011-02-12,12777
2011-02-19,10372
2011-02-26,10528
2011-03-05,10036
2011-03-12,9582
2011-03-19,8551
2011-03-26,9477
2011-04-02,9141
2011-04-09,9750
2011-04-16,10240
2011-04-23,15566
2011-04-30,11562
2011-05-07,9963
2011-05-14,9149
2011-05-21,9654
2011-05-28,8772
2011-06-04,8592
2011-06-11,9260
2011-06-18,12534
2011-06-25,19361
2011-07-02,19241
2011-07-09,11755
2011-07-16,12727
2011-07-23,9427
2011-07-30,9718
2011-08-06,9577
2011-08-13,11800
2011-08-20,11439
2011-08-27,9024
2011-09-03,10348
2011-09-10,10880
2011-09-17,11052
2011-09-24,10571
2011-10-01,10173
2011-10-08,11187
2011-10-15,9562
2011-10-22,10636
2011-10-29,10426
2011-11-05,12180
2011-11-12,12145
2011-11-19,12017
2011-11-26,10506
2011-12-03,10603
2011-12-10,13671
2011-12-17,11985
2011-12-24,15823
2011-12-31,23812
2012-01-07,19145
2012-01-14,16745
2012-01-21,12452
2012-01-28,12713
2012-02-04,11447
2012-02-11,10701
2012-02-18,9604
2012-02-25,10878
2012-03-03,9844
2012-03-10,9601
2012-03-17,9433
2012-03-24,7922
2012-03-31,8641
2012-04-07,14376
2012-04-14,15521
2012-04-21,9773
2012-04-28,8572
2012-05-05,9667
2012-05-12,8800
2012-05-19,8628
2012-05-26,8698
2012-06-02,8288
2012-06-09,9037
2012-06-16,12944
2012-06-23,17838
2012-06-30,17953
2012-07-07,12671
2012-07-14,11246
2012-07-21,10366
2012-07-28,9088
2012-08-04,9734
2012-08-11,8835
2012-08-18,8956
2012-08-25,9075
2012-09-01,8286
2012-09-08,8953
2012-09-15,9130
2012-09-22,9332
2012-09-29,9445
2012-10-06,10176
2012-10-13,8865
2012-10-20,10440
2012-10-27,9360
2012-11-03,15035
2012-11-10,46129
2012-11-17,45631
2012-11-24,21665
2012-12-01,23856
2012-12-08,19887
2012-12-15,14786
2012-12-22,18496
2012-12-29,21932
2013-01-05,16402
2013-01-12,19972
2013-01-19,14604
2013-01-26,12129
2013-02-02,12329
2013-02-09,11037
2013-02-16,10004
2013-02-23,9337
2013-03-02,9293
2013-03-09,9455
2013-03-16,9149
2013-03-23,9288
2013-03-30,11697
2013-04-06,14066
2013-04-13,9862
2013-04-20,9496
2013-04-27,8344
2013-05-04,8873
2013-05-11,8126
2013-05-18,8224
2013-05-25,9008
2013-06-01,7638
2013-06-08,8978
2013-06-15,8847
2013-06-22,13799
2013-06-29,19867
2013-07-06,15497
2013-07-13,11020
2013-07-20,9492
2013-07-27,9335
2013-08-03,8573
2013-08-10,8359
2013-08-17,9036
2013-08-24,8778
2013-08-31,9315
2013-09-07,8711
2013-09-14,8642
2013-09-21,8969
2013-09-28,8607
2013-10-05,9611
2013-10-12,10734
2013-10-19,8616
2013-10-26,9397
2013-11-02,10768
2013-11-09,12978
2013-11-16,11590
2013-11-23,11018
2013-11-30,12142
2013-12-07,13591
2013-12-14,13624
2013-12-21,15511
2013-12-28,22856
2014-01-04,15974
2014-01-11,18005
2014-01-18,14003
2014-01-25,10398
2014-02-01,12251
2014-02-08,10216
2014-02-15,9084
2014-02-22,10148
2014-03-01,9296
2014-03-08,9556
2014-03-15,8548
2014-03-22,8407
2014-03-29,7633
2014-04-05,8236
2014-04-12,8678
2014-04-19,13330
2014-04-26,11061
2014-05-03,8496
2014-05-10,8079
2014-05-17,8524
2014-05-24,7861
2014-05-31,6207
2014-06-07,8964
2014-06-14,8810
2014-06-21,12045
2014-06-28,20624
2014-07-05,16671
2014-07-12,10785
2014-07-19,8817
2014-07-26,9163
2014-08-02,8773
2014-08-09,8880
2014-08-16,8476
2014-08-23,8547
2014-08-30,7646
2014-09-06,10564
2014-09-13,8991
2014-09-20,8555
2014-09-27,9170
2014-10-04,9183
2014-10-11,8976
2014-10-18,8501
2014-10-25,9150
2014-11-01,10156
2014-11-08,12694
2014-11-15,9845
2014-11-22,11467
2014-11-29,9768
2014-12-06,12865
2014-12-13,11850
2014-12-20,12030
2014-12-27,21693
2015-01-03,17841
2015-01-10,17000
2015-01-17,13941
2015-01-24,11248
2015-01-31,9640
2015-02-07,11176
2015-02-14,9852
2015-02-21,10130
2015-02-28,9771
2015-03-07,8340
2015-03-14,8263
2015-03-21,7697
2015-03-28,7651
2015-04-04,10223
2015-04-11,14542
2015-04-18,8545
2015-04-25,7491
2015-05-02,7225
2015-05-09,7338
2015-05-16,7555
2015-05-23,8106
2015-05-30,6575
2015-06-06,8197
2015-06-13,7740
2015-06-20,11723
2015-06-27,18736
2015-07-04,15460
2015-07-11,11920
2015-07-18,7979
2015-07-25,7999
2015-08-01,7735
2015-08-08,8577
2015-08-15,8299
2015-08-22,7946
2015-08-29,7401
2015-09-05,8007
2015-09-12,6415
2015-09-19,7366
2015-09-26,7924
2015-10-03,8435
2015-10-10,8423
2015-10-17,7573
2015-10-24,8896
2015-10-31,8682
2015-11-07,11645
2015-11-14,9632
2015-11-21,10344
2015-11-28,9455
2015-12-05,12285
2015-12-12,10561
2015-12-19,11166
2015-12-26,18101
2016-01-02,19836
2016-01-09,19138
2016-01-16,14047
2016-01-23,9936
2016-01-30,12065
2016-02-06,10674
2016-02-13,9473
2016-02-20,9171
2016-02-27,9059
2016-03-05,9135
2016-03-12,8056
2016-03-19,7935
2016-03-26,9392
2016-04-02,13228
2016-04-09,10619
2016-04-16,9763
2016-04-23,8475
2016-04-30,9191
2016-05-07,9084
2016-05-14,9034
2016-05-21,8233
2016-05-28,8664
2016-06-04,7450
2016-06-11,8229
2016-06-18,11439
2016-06-25,18154
2016-07-02,16295
2016-07-09,10830
2016-07-16,9493
2016-07-23,8470
2016-07-30,8439
2016-08-06,9158
2016-08-13,8713
2016-08-20,8831
2016-08-27,8209
2016-09-03,8332
2016-09-10,7188
2016-09-17,8853
2016-09-24,7943
2016-10-01,8125
2016-10-08,9588
2016-10-15,9064
2016-10-22,9324
2016-10-29,8830
2016-11-05,10262
2016-11-12,10076
2016-11-19,11023
2016-11-26,9813
2016-12-03,12284
2016-12-10,11183
2016-12-17,12563
2016-12-24,15151
2016-12-31,23373
2017-01-07,19001
2017-01-14,14428
2017-01-21,10629
2017-01-28,10326
2017-02-04,11135
2017-02-11,8834
2017-02-18,10057
2017-02-25,8833
2017-03-04,8761
2017-03-11,8277
2017-03-18,9296
2017-03-25,8679
2017-04-01,8213
2017-04-08,9095
2017-04-15,12193
2017-04-22,12392
2017-04-29,8323
2017-05-06,8404
2017-05-13,8224
2017-05-20,7824
2017-05-27,8058
2017-06-03,7488
2017-06-10,8022
2017-06-17,9454
2017-06-24,16664
2017-07-01,16458
2017-07-08,14620
2017-07-15,10697
2017-07-22,9375
2017-07-29,8369
2017-08-05,9145
2017-08-12,8369
2017-08-19,8556
2017-08-26,7859
2017-09-02,7807
2017-09-09,7455
2017-09-16,7766
2017-09-23,7723
2017-09-30,7397
2017-10-07,8483
2017-10-14,8010
2017-10-21,8666
2017-10-28,8564
2017-11-04,9415
2017-11-11,10491
2017-11-18,10813
2017-11-25,10619
2017-12-02,11089
2017-12-09,10924
2017-12-16,11818
2017-12-23,14904
2017-12-30,24411
2018-01-06,16190
2018-01-13,15040
2018-01-20,10806
2018-01-27,8981
2018-02-03,8863
2018-02-10,9049
2018-02-17,9382
2018-02-24,7908
2018-03-03,8712
2018-03-10,8270
2018-03-17,8917
2018-03-24,7245
2018-03-31,9326
2018-04-07,14893
2018-04-14,8991
2018-04-21,7205
2018-04-28,7098
2018-05-05,7298
2018-05-12,7292
2018-05-19,8418
2018-05-26,7785
2018-06-02,6107
2018-06-09,7705
2018-06-16,7648
2018-06-23,13084
2018-06-30,17448
2018-07-07,13924
2018-07-14,9172
2018-07-21,8254
2018-07-28,7619
2018-08-04,8198
2018-08-11,7811
2018-08-18,8276
2018-08-25,7371
2018-09-01,7106
2018-09-08,6512
2018-09-15,8000
2018-09-22,7122
2018-09-29,6907
2018-10-06,7904
2018-10-13,7245
2018-10-20,8081
2018-10-27,7763
2018-11-03,8504
2018-11-10,11420
2018-11-17,9073
2018-11-24,9560
2018-12-01,10211
2018-12-08,10220
2018-12-15,9639
2018-12-22,15887
2018-12-29,23732
2019-01-05,15716
2019-01-12,14167
2019-01-19,10190
2019-01-26,11130
2019-02-02,9903
2019-02-09,9758
2019-02-16,8841
2019-02-23,8512
2019-03-02,8155
2019-03-09,7990
2019-03-16,7853
2019-03-23,7485
2019-03-30,6894
2019-04-06,7707
2019-04-13,7641
2019-04-20,10737
2019-04-27,13778
2019-05-04,7539
2019-05-11,7672
2019-05-18,7054
2019-05-25,7928
2019-06-01,6230
2019-06-08,8217
2019-06-15,8064
2019-06-22,13644
2019-06-29,18558
2019-07-06,12612
2019-07-13,8910
2019-07-20,8070
2019-07-27,7265
2019-08-03,8205
2019-08-10,8224
2019-08-17,7541
2019-08-24,7746
2019-08-31,7103
2019-09-07,6658
2019-09-14,7455
2019-09-21,6718
2019-09-28,6699
2019-10-05,7721
2019-10-12,7706
2019-10-19,7482
2019-10-26,7990
2019-11-02,7550
2019-11-09,12747
2019-11-16,8978
2019-11-23,9523
2019-11-30,9149
2019-12-07,12463
2019-12-14,10806
2019-12-21,13001
2019-12-28,22855
2020-01-04,15325
2020-01-11,13469
2020-01-18,10728
2020-01-25,9325
2020-02-01,8304
2020-02-08,9288
2020-02-15,8550
2020-02-22,8396
2020-02-29,7773
2020-03-07,7996
2020-03-14,9467
2020-03-21,115815
2020-03-28,206253
2020-04-04,214836
2020-04-11,141420
2020-04-18,140139
2020-04-25,71966
2020-05-02,88326
2020-05-09,69689
2020-05-16,42365
2020-05-23,34410
2020-05-30,26752
2020-06-06,23166
2020-06-13,26438
2020-06-20,33027
2020-06-27,27992
2020-07-04,47402
2020-07-11,38825
2020-07-18,25932
2020-07-25,28073
2020-08-01,16584
2020-08-08,13837
2020-08-15,25417
2020-08-22,20182
2020-08-29,20348
2020-09-05,22750
2020-09-12,19642
2020-09-19,24680
2020-09-26,27184
2020-10-03,23680
2020-10-10,29031
2020-10-17,28809
2020-10-24,27203
2020-10-31,24703
2020-11-07,20978
2020-11-14,12988
2020-11-21,12205
2020-11-28,13546
2020-12-05,17025
2020-12-12,16368
2020-12-19,17611
2020-12-26,20462
2021-01-02,20988
2021-01-09,21836
2021-01-16,16769
2021-01-23,16845
2021-01-30,14689
2021-02-06,16205
2021-02-13,11575
2021-02-20,10768
2021-02-27,10385
2021-03-06,9857
2021-03-13,10272
2021-03-20,10441
2021-03-27,16728
2021-04-03,19875
2021-04-10,11346
2021-04-17,10536
2021-04-24,12322
2021-05-01,14324
2021-05-08,13456
2021-05-15,18268
2021-05-22,12978
2021-05-29,12771
2021-06-05,9786
2021-06-12,9464
2021-06-19,8763
2021-06-26,12144
2021-07-03,11298
2021-07-10,10952
2021-07-17,11109
2021-07-24,11529
2021-07-31,11481
2021-08-07,10629
2021-08-14,9938
2021-08-21,10775
2021-08-28,8279
2021-09-04,7523
2021-09-11,7266
2021-09-18,8463
2021-09-25,7487
2021-10-02,7933
2021-10-09,7469
2021-10-16,6924
2021-10-23,7236
2021-10-30,8004
2021-11-06,7344
2021-11-13,6933
2021-11-20,8994
2021-11-27,6623
2021-12-04,8842
2021-12-11,8335
2021-12-18,7638
2021-12-25,12298
2022-01-01,15552
2022-01-08,16525
2022-01-15,14882
2022-01-22,10064
2022-01-29,9122
2022-02-05,9528
2022-02-12,8587
2022-02-19,7269
2022-02-26,6173
2022-03-05,8554
2022-03-12,7508
2022-03-19,7279
2022-03-26,7258
2022-04-02,6153
2022-04-09,6575
2022-04-16,7691
2022-04-23,8579
2022-04-30,6113
2022-05-07,5847
2022-05-14,6230
2022-05-21,6122
2022-05-28,5823
2022-06-04,5383
2022-06-11,6432
2022-06-18,7329
2022-06-25,12898
2022-07-02,12434
2022-07-09,9102
2022-07-16,7230
2022-07-23,6549
2022-07-30,6694
2022-08-06,7659
2022-08-13,7466
2022-08-20,6066
2022-08-27,6322
2022-09-03,6455
2022-09-10,5800
2022-09-17,6964
2022-09-24,5564
2022-10-01,6441
2022-10-08,7472
2022-10-15,6282
2022-10-22,7382
2022-10-29,7581
2022-11-05,7091
2022-11-12,8111
2022-11-19,8863
2022-11-26,7532
2022-12-03,9921
2022-12-10,8935
2022-12-17,10193
2022-12-24,10979
2022-12-31,15493
2023-01-07,13957
2023-01-14,11393
2023-01-21,9425
2023-01-28,10059
2023-02-04,8996
2023-02-11,8504
2023-02-18,7550
2023-02-25,7711
2023-03-04,8313
2023-03-11,8074
2023-03-18,7396
2023-03-25,7603
2023-04-01,7740
2023-04-08,11118
2023-04-15,11133
2023-04-22,8171
2023-04-29,7388
2023-05-06,8413
2023-05-13,7397
2023-05-20,7585
2023-05-27,7460
2023-06-03,6900
2023-06-10,7456
2023-06-17,9868
2023-06-24,15174
2023-07-01,14037
2023-07-08,10747
2023-07-15,8711
2023-07-22,7850
2023-07-29,8580
2023-08-05,10202
2023-08-12,9258
2023-08-19,8076
2023-08-26,7961
2023-09-02,7822
2023-09-09,7445
2023-09-16,7671
2023-09-23,7383
2023-09-30,7394
2023-10-07,9007
2023-10-14,7547
2023-10-21,8055
2023-10-28,8430
2023-11-04,10119
2023-11-11,11177
2023-11-18,11155
2023-11-25,9300
2023-12-02,11377
2023-12-09,10675
2023-12-16,10449
2023-12-23,15162
2023-12-30,18349
2024-01-06,14305
2024-01-13,12769
2024-01-20,11530
2024-01-27,11023
2024-02-03,10400
2024-02-10,9507
2024-02-17,8704
2024-02-24,8385
2024-03-02,9028
2024-03-09,9120
2024-03-16,8501
2024-03-23,8387
2024-03-30,9617
2024-04-06,13956
2024-04-13,9586
2024-04-20,8695
2024-04-27,8117
2024-05-04,8409
2024-05-11,8258
2024-05-18,8568
2024-05-25,8504
2024-06-01,7743
2024-06-08,8833
2024-06-15,9795
2024-06-22,15166
2024-06-29,17723
2024-07-06,12206
2024-07-13,10674
2024-07-20,8811
2024-07-27,8453
2024-08-03,9533
2024-08-10,9872
2024-08-17,8862
2024-08-24,8814
2024-08-31,8306
2024-09-07,8058
2024-09-14,8513
2024-09-21,8352
2024-09-28,7905
2024-10-05,9558
2024-10-12,9252
2024-10-19,8324
2024-10-26,8347
2024-11-02,9664
2024-11-09,12103
2024-11-16,10680
2024-11-23,9827
2024-11-30,9625
2024-12-07,12532
2024-12-14,10760
2024-12-21,14845
2024-12-28,20576
2025-01-04,15893
2025-01-11,15584
2025-01-18,12578
2025-01-25,11656
2025-02-01,10678
2025-02-08,10442
2025-02-15,9539
2025-02-22,9761
2025-03-01,9227
2025-03-08,9052
2025-03-15,8192
2025-03-22,8264
2025-03-29,7828
2025-04-05,8908
2025-04-12,9778
2025-04-19,12653
2025-04-26,12269
2025-05-03,9026
2025-05-10,9232
2025-05-17,8865
2025-05-24,8815
2025-05-31,8112
2025-06-07,9176
2025-06-14,8816
2025-06-21,14739
2025-06-28,19423
2025-07-05,15230
2025-07-12,12024
2025-07-19,9369
2025-07-26,9014
2025-08-02,9956
2025-08-09,9705
2025-08-16,9045
2025-08-23,9037
2025-08-30,8900
2025-09-06,8841
2025-09-13,7788
2025-09-20,8701
2025-09-27,7921
2025-10-04,8836
2025-10-11,8968
2025-10-18,8357
2025-10-25,8767
2025-11-01,9678
2025-11-08,12980
2025-11-15,10599
2025-11-22,10214
2025-11-29,10066
2025-12-06,12616
2025-12-13,11152
2025-12-20,14495
2025-12-27,21366
2026-01-03,16682
2026-01-10,16070
2026-01-17,12057
2026-01-24,10936
2026-01-31,13538
2026-02-07,12733
2026-02-14,9888
2026-02-21,9228
