observation_date,M2
1981-01-05,1596.6
1981-01-12,1600.1
1981-01-19,1606.8
1981-01-26,1609.4
1981-02-02,1608.6
1981-02-09,1614.0
1981-02-16,1618.9
1981-02-23,1623.3
1981-03-02,1626.1
1981-03-09,1630.5
1981-03-16,1636.2
1981-03-23,1640.8
1981-03-30,1646.7
1981-04-06,1652.3
1981-04-13,1658.4
1981-04-20,1663.4
1981-04-27,1664.1
1981-05-04,1663.9
1981-05-11,1663.8
1981-05-18,1662.6
1981-05-25,1663.3
1981-06-01,1666.1
1981-06-08,1666.4
1981-06-15,1669.8
1981-06-22,1672.8
1981-06-29,1671.9
1981-07-06,1678.2
1981-07-13,1677.9
1981-07-20,1683.5
1981-07-27,1685.8
1981-08-03,1688.2
1981-08-10,1694.0
1981-08-17,1695.2
1981-08-24,1697.6
1981-08-31,1701.2
1981-09-07,1702.3
1981-09-14,1707.4
1981-09-21,1708.3
1981-09-28,1707.8
1981-10-05,1714.0
1981-10-12,1719.6
1981-10-19,1722.9
1981-10-26,1725.3
1981-11-02,1727.6
1981-11-09,1732.2
1981-11-16,1736.2
1981-11-23,1736.6
1981-11-30,1743.5
1981-12-07,1749.2
1981-12-14,1751.5
1981-12-21,1755.1
1981-12-28,1753.7
1982-01-04,1756.5
1982-01-11,1761.8
1982-01-18,1766.6
1982-01-25,1769.5
1982-02-01,1773.1
1982-02-08,1771.4
1982-02-15,1774.3
1982-02-22,1775.4
1982-03-01,1778.4
1982-03-08,1781.6
1982-03-15,1786.2
1982-03-22,1789.3
1982-03-29,1793.7
1982-04-05,1800.0
1982-04-12,1805.2
1982-04-19,1806.7
1982-04-26,1806.7
1982-05-03,1805.7
1982-05-10,1809.7
1982-05-17,1812.1
1982-05-24,1816.5
1982-05-31,1821.0
1982-06-07,1823.0
1982-06-14,1826.0
1982-06-21,1826.5
1982-06-28,1824.6
1982-07-05,1827.5
1982-07-12,1828.7
1982-07-19,1830.4
1982-07-26,1834.2
1982-08-02,1837.0
1982-08-09,1841.1
1982-08-16,1846.1
1982-08-23,1849.9
1982-08-30,1853.4
1982-09-06,1855.9
1982-09-13,1859.2
1982-09-20,1861.2
1982-09-27,1860.1
1982-10-04,1863.9
1982-10-11,1865.5
1982-10-18,1869.3
1982-10-25,1873.4
1982-11-01,1878.8
1982-11-08,1881.4
1982-11-15,1885.0
1982-11-22,1887.6
1982-11-29,1888.5
1982-12-06,1891.7
1982-12-13,1892.3
1982-12-20,1909.9
1982-12-27,1917.5
1983-01-03,1927.0
1983-01-10,1943.2
1983-01-17,1955.6
1983-01-24,1965.3
1983-01-31,1976.0
1983-02-07,1986.5
1983-02-14,1993.1
1983-02-21,1998.4
1983-02-28,2005.0
1983-03-07,2009.8
1983-03-14,2010.7
1983-03-21,2015.1
1983-03-28,2018.2
1983-04-04,2023.1
1983-04-11,2025.1
1983-04-18,2024.5
1983-04-25,2028.1
1983-05-02,2036.3
1983-05-09,2037.4
1983-05-16,2041.4
1983-05-23,2042.5
1983-05-30,2044.8
1983-06-06,2049.1
1983-06-13,2052.6
1983-06-20,2052.6
1983-06-27,2054.5
1983-07-04,2060.3
1983-07-11,2065.1
1983-07-18,2065.3
1983-07-25,2068.3
1983-08-01,2070.8
1983-08-08,2069.7
1983-08-15,2072.1
1983-08-22,2072.9
1983-08-29,2073.5
1983-09-05,2077.2
1983-09-12,2077.3
1983-09-19,2079.2
1983-09-26,2084.0
1983-10-03,2087.0
1983-10-10,2093.1
1983-10-17,2095.5
1983-10-24,2099.6
1983-10-31,2102.9
1983-11-07,2102.8
1983-11-14,2104.2
1983-11-21,2105.1
1983-11-28,2107.8
1983-12-05,2112.9
1983-12-12,2117.7
1983-12-19,2121.1
1983-12-26,2122.6
1984-01-02,2127.6
1984-01-09,2133.4
1984-01-16,2137.7
1984-01-23,2140.0
1984-01-30,2140.7
1984-02-06,2152.1
1984-02-13,2164.5
1984-02-20,2137.7
1984-02-27,2129.2
1984-03-05,2147.7
1984-03-12,2166.7
1984-03-19,2181.2
1984-03-26,2190.8
1984-04-02,2192.6
1984-04-09,2191.8
1984-04-16,2192.8
1984-04-23,2194.0
1984-04-30,2194.7
1984-05-07,2199.0
1984-05-14,2204.9
1984-05-21,2207.9
1984-05-28,2209.3
1984-06-04,2214.2
1984-06-11,2216.8
1984-06-18,2218.0
1984-06-25,2220.9
1984-07-02,2224.6
1984-07-09,2224.5
1984-07-16,2228.8
1984-07-23,2229.7
1984-07-30,2229.3
1984-08-06,2230.6
1984-08-13,2230.6
1984-08-20,2232.1
1984-08-27,2233.5
1984-09-03,2236.4
1984-09-10,2241.1
1984-09-17,2244.0
1984-09-24,2246.8
1984-10-01,2253.5
1984-10-08,2253.1
1984-10-15,2259.2
1984-10-22,2258.8
1984-10-29,2264.4
1984-11-05,2270.8
1984-11-12,2275.9
1984-11-19,2283.2
1984-11-26,2286.2
1984-12-03,2287.6
1984-12-10,2297.1
1984-12-17,2303.4
1984-12-24,2311.4
1984-12-31,2316.8
1985-01-07,2322.9
1985-01-14,2331.8
1985-01-21,2337.3
1985-01-28,2341.3
1985-02-04,2344.0
1985-02-11,2345.8
1985-02-18,2349.5
1985-02-25,2352.2
1985-03-04,2357.3
1985-03-11,2359.0
1985-03-18,2360.8
1985-03-25,2366.3
1985-04-01,2370.6
1985-04-08,2368.5
1985-04-15,2371.4
1985-04-22,2375.5
1985-04-29,2374.5
1985-05-06,2377.6
1985-05-13,2381.5
1985-05-20,2386.8
1985-05-27,2390.4
1985-06-03,2393.2
1985-06-10,2403.4
1985-06-17,2409.3
1985-06-24,2418.0
1985-07-01,2425.3
1985-07-08,2422.9
1985-07-15,2427.3
1985-07-22,2430.1
1985-07-29,2432.0
1985-08-05,2435.3
1985-08-12,2437.4
1985-08-19,2438.8
1985-08-26,2442.3
1985-09-02,2441.9
1985-09-09,2444.6
1985-09-16,2446.7
1985-09-23,2450.2
1985-09-30,2462.1
1985-10-07,2460.8
1985-10-14,2461.4
1985-10-21,2467.1
1985-10-28,2467.8
1985-11-04,2469.8
1985-11-11,2470.2
1985-11-18,2473.6
1985-11-25,2479.5
1985-12-02,2482.6
1985-12-09,2486.8
1985-12-16,2489.6
1985-12-23,2495.1
1985-12-30,2494.3
1986-01-06,2501.2
1986-01-13,2499.6
1986-01-20,2503.7
1986-01-27,2509.1
1986-02-03,2505.7
1986-02-10,2510.6
1986-02-17,2512.6
1986-02-24,2517.8
1986-03-03,2521.0
1986-03-10,2528.8
1986-03-17,2535.3
1986-03-24,2541.0
1986-03-31,2547.8
1986-04-07,2553.7
1986-04-14,2555.4
1986-04-21,2562.4
1986-04-28,2568.9
1986-05-05,2575.8
1986-05-12,2580.3
1986-05-19,2585.2
1986-05-26,2591.2
1986-06-02,2594.2
1986-06-09,2601.7
1986-06-16,2609.6
1986-06-23,2615.2
1986-06-30,2620.2
1986-07-07,2624.0
1986-07-14,2629.4
1986-07-21,2635.1
1986-07-28,2638.9
1986-08-04,2643.3
1986-08-11,2647.8
1986-08-18,2650.5
1986-08-25,2653.5
1986-09-01,2660.9
1986-09-08,2663.4
1986-09-15,2665.6
1986-09-22,2674.8
1986-09-29,2680.3
1986-10-06,2683.1
1986-10-13,2683.9
1986-10-20,2689.6
1986-10-27,2693.8
1986-11-03,2694.9
1986-11-10,2698.3
1986-11-17,2702.4
1986-11-24,2703.5
1986-12-01,2714.0
1986-12-08,2713.1
1986-12-15,2719.1
1986-12-22,2730.6
1986-12-29,2744.1
1987-01-05,2757.9
1987-01-12,2745.0
1987-01-19,2742.0
1987-01-26,2745.2
1987-02-02,2742.7
1987-02-09,2741.2
1987-02-16,2741.3
1987-02-23,2742.6
1987-03-02,2744.3
1987-03-09,2748.2
1987-03-16,2752.0
1987-03-23,2752.1
1987-03-30,2755.4
1987-04-06,2757.6
1987-04-13,2758.7
1987-04-20,2771.5
1987-04-27,2773.5
1987-05-04,2768.4
1987-05-11,2763.0
1987-05-18,2764.6
1987-05-25,2770.0
1987-06-01,2773.2
1987-06-08,2769.8
1987-06-15,2771.0
1987-06-22,2773.0
1987-06-29,2772.8
1987-07-06,2778.8
1987-07-13,2773.3
1987-07-20,2777.5
1987-07-27,2781.1
1987-08-03,2779.1
1987-08-10,2782.8
1987-08-17,2783.8
1987-08-24,2785.2
1987-08-31,2785.1
1987-09-07,2784.5
1987-09-14,2790.6
1987-09-21,2795.0
1987-09-28,2797.4
1987-10-05,2804.3
1987-10-12,2800.8
1987-10-19,2809.3
1987-10-26,2827.2
1987-11-02,2819.3
1987-11-09,2815.9
1987-11-16,2816.2
1987-11-23,2817.1
1987-11-30,2817.8
1987-12-07,2820.8
1987-12-14,2823.5
1987-12-21,2826.4
1987-12-28,2828.6
1988-01-04,2830.0
1988-01-11,2836.0
1988-01-18,2846.9
1988-01-25,2854.8
1988-02-01,2863.2
1988-02-08,2862.3
1988-02-15,2867.9
1988-02-22,2875.0
1988-02-29,2875.3
1988-03-07,2882.4
1988-03-14,2889.4
1988-03-21,2897.4
1988-03-28,2901.5
1988-04-04,2905.1
1988-04-11,2909.4
1988-04-18,2912.1
1988-04-25,2920.0
1988-05-02,2917.4
1988-05-09,2918.3
1988-05-16,2922.7
1988-05-23,2927.0
1988-05-30,2929.5
1988-06-06,2935.2
1988-06-13,2937.5
1988-06-20,2944.8
1988-06-27,2949.1
1988-07-04,2947.5
1988-07-11,2950.1
1988-07-18,2952.3
1988-07-25,2955.4
1988-08-01,2958.6
1988-08-08,2956.2
1988-08-15,2958.4
1988-08-22,2959.7
1988-08-29,2960.2
1988-09-05,2959.5
1988-09-12,2958.7
1988-09-19,2962.5
1988-09-26,2964.6
1988-10-03,2961.9
1988-10-10,2964.6
1988-10-17,2969.4
1988-10-24,2969.1
1988-10-31,2972.3
1988-11-07,2978.9
1988-11-14,2982.1
1988-11-21,2985.3
1988-11-28,2988.4
1988-12-05,2987.0
1988-12-12,2989.0
1988-12-19,2989.2
1988-12-26,2989.5
1989-01-02,2994.1
1989-01-09,2993.8
1989-01-16,2994.7
1989-01-23,2994.6
1989-01-30,2989.3
1989-02-06,2987.5
1989-02-13,2985.3
1989-02-20,2987.1
1989-02-27,2988.7
1989-03-06,2997.3
1989-03-13,2995.8
1989-03-20,2999.5
1989-03-27,3002.7
1989-04-03,3000.6
1989-04-10,3001.5
1989-04-17,3004.0
1989-04-24,3008.9
1989-05-01,3009.1
1989-05-08,3001.9
1989-05-15,3004.2
1989-05-22,3005.7
1989-05-29,3009.7
1989-06-05,3015.1
1989-06-12,3018.8
1989-06-19,3023.9
1989-06-26,3030.6
1989-07-03,3036.9
1989-07-10,3048.0
1989-07-17,3050.5
1989-07-24,3053.8
1989-07-31,3056.7
1989-08-07,3064.4
1989-08-14,3068.3
1989-08-21,3072.6
1989-08-28,3075.3
1989-09-04,3076.1
1989-09-11,3082.6
1989-09-18,3086.4
1989-09-25,3090.8
1989-10-02,3098.9
1989-10-09,3105.3
1989-10-16,3111.5
1989-10-23,3116.6
1989-10-30,3118.6
1989-11-06,3126.5
1989-11-13,3129.5
1989-11-20,3132.5
1989-11-27,3138.9
1989-12-04,3142.2
1989-12-11,3146.2
1989-12-18,3150.2
1989-12-25,3157.3
1990-01-01,3161.1
1990-01-08,3164.1
1990-01-15,3164.4
1990-01-22,3166.4
1990-01-29,3167.6
1990-02-05,3175.4
1990-02-12,3177.1
1990-02-19,3179.9
1990-02-26,3185.2
1990-03-05,3186.6
1990-03-12,3187.4
1990-03-19,3188.7
1990-03-26,3194.2
1990-04-02,3196.5
1990-04-09,3197.9
1990-04-16,3200.6
1990-04-23,3202.9
1990-04-30,3205.9
1990-05-07,3199.1
1990-05-14,3199.9
1990-05-21,3201.5
1990-05-28,3201.1
1990-06-04,3205.9
1990-06-11,3208.7
1990-06-18,3213.7
1990-06-25,3217.1
1990-07-02,3223.8
1990-07-09,3219.3
1990-07-16,3225.1
1990-07-23,3224.8
1990-07-30,3228.2
1990-08-06,3231.3
1990-08-13,3240.3
1990-08-20,3244.6
1990-08-27,3246.6
1990-09-03,3250.7
1990-09-10,3252.7
1990-09-17,3252.6
1990-09-24,3254.5
1990-10-01,3262.4
1990-10-08,3260.4
1990-10-15,3259.4
1990-10-22,3256.8
1990-10-29,3259.8
1990-11-05,3259.6
1990-11-12,3261.4
1990-11-19,3263.8
1990-11-26,3267.2
1990-12-03,3257.5
1990-12-10,3266.1
1990-12-17,3270.7
1990-12-24,3276.1
1990-12-31,3280.6
1991-01-07,3280.1
1991-01-14,3282.6
1991-01-21,3289.1
1991-01-28,3294.4
1991-02-04,3298.8
1991-02-11,3303.7
1991-02-18,3303.0
1991-02-25,3306.7
1991-03-04,3312.2
1991-03-11,3316.1
1991-03-18,3319.3
1991-03-25,3327.1
1991-04-01,3332.1
1991-04-08,3330.7
1991-04-15,3334.6
1991-04-22,3331.9
1991-04-29,3331.7
1991-05-06,3337.6
1991-05-13,3342.9
1991-05-20,3345.7
1991-05-27,3345.6
1991-06-03,3342.1
1991-06-10,3351.0
1991-06-17,3351.8
1991-06-24,3351.1
1991-07-01,3359.1
1991-07-08,3355.2
1991-07-15,3357.0
1991-07-22,3356.8
1991-07-29,3355.4
1991-08-05,3354.5
1991-08-12,3354.6
1991-08-19,3353.4
1991-08-26,3358.5
1991-09-02,3353.5
1991-09-09,3356.5
1991-09-16,3355.4
1991-09-23,3354.5
1991-09-30,3353.8
1991-10-07,3356.8
1991-10-14,3358.1
1991-10-21,3362.4
1991-10-28,3363.2
1991-11-04,3360.3
1991-11-11,3365.2
1991-11-18,3365.0
1991-11-25,3366.5
1991-12-02,3369.4
1991-12-09,3372.4
1991-12-16,3379.5
1991-12-23,3371.1
1991-12-30,3367.7
1992-01-06,3365.7
1992-01-13,3374.9
1992-01-20,3381.7
1992-01-27,3393.5
1992-02-03,3392.9
1992-02-10,3398.9
1992-02-17,3400.8
1992-02-24,3402.5
1992-03-02,3401.1
1992-03-09,3404.6
1992-03-16,3407.2
1992-03-23,3404.0
1992-03-30,3401.1
1992-04-06,3400.2
1992-04-13,3401.6
1992-04-20,3397.8
1992-04-27,3399.4
1992-05-04,3399.3
1992-05-11,3401.0
1992-05-18,3398.3
1992-05-25,3397.0
1992-06-01,3397.5
1992-06-08,3393.7
1992-06-15,3396.5
1992-06-22,3394.3
1992-06-29,3389.1
1992-07-06,3390.9
1992-07-13,3393.6
1992-07-20,3395.0
1992-07-27,3396.5
1992-08-03,3392.2
1992-08-10,3396.8
1992-08-17,3397.1
1992-08-24,3398.7
1992-08-31,3405.3
1992-09-07,3403.1
1992-09-14,3408.7
1992-09-21,3412.4
1992-09-28,3416.3
1992-10-05,3413.6
1992-10-12,3423.0
1992-10-19,3421.5
1992-10-26,3429.2
1992-11-02,3430.9
1992-11-09,3430.5
1992-11-16,3428.3
1992-11-23,3421.5
1992-11-30,3424.3
1992-12-07,3427.7
1992-12-14,3428.4
1992-12-21,3421.6
1992-12-28,3423.1
1993-01-04,3418.7
1993-01-11,3422.2
1993-01-18,3416.8
1993-01-25,3415.5
1993-02-01,3414.9
1993-02-08,3410.1
1993-02-15,3414.6
1993-02-22,3415.7
1993-03-01,3414.7
1993-03-08,3411.5
1993-03-15,3411.1
1993-03-22,3409.6
1993-03-29,3409.7
1993-04-05,3409.1
1993-04-12,3410.1
1993-04-19,3405.1
1993-04-26,3411.1
1993-05-03,3425.5
1993-05-10,3437.4
1993-05-17,3437.2
1993-05-24,3434.3
1993-05-31,3445.5
1993-06-07,3444.6
1993-06-14,3446.2
1993-06-21,3442.2
1993-06-28,3438.2
1993-07-05,3436.1
1993-07-12,3443.7
1993-07-19,3443.2
1993-07-26,3442.3
1993-08-02,3443.6
1993-08-09,3446.8
1993-08-16,3447.5
1993-08-23,3443.9
1993-08-30,3444.7
1993-09-06,3447.6
1993-09-13,3453.1
1993-09-20,3453.7
1993-09-27,3453.4
1993-10-04,3453.3
1993-10-11,3457.8
1993-10-18,3453.6
1993-10-25,3453.7
1993-11-01,3464.7
1993-11-08,3466.7
1993-11-15,3473.2
1993-11-22,3470.8
1993-11-29,3469.6
1993-12-06,3476.2
1993-12-13,3477.8
1993-12-20,3473.6
1993-12-27,3474.6
1994-01-03,3467.3
1994-01-10,3473.8
1994-01-17,3478.1
1994-01-24,3477.1
1994-01-31,3473.9
1994-02-07,3474.6
1994-02-14,3478.7
1994-02-21,3475.4
1994-02-28,3474.2
1994-03-07,3478.0
1994-03-14,3483.5
1994-03-21,3481.9
1994-03-28,3477.5
1994-04-04,3479.4
1994-04-11,3483.3
1994-04-18,3476.1
1994-04-25,3480.1
1994-05-02,3488.9
1994-05-09,3494.2
1994-05-16,3492.9
1994-05-23,3491.2
1994-05-30,3486.8
1994-06-06,3481.6
1994-06-13,3480.0
1994-06-20,3476.4
1994-06-27,3480.7
1994-07-04,3478.4
1994-07-11,3487.2
1994-07-18,3489.0
1994-07-25,3490.3
1994-08-01,3492.5
1994-08-08,3484.0
1994-08-15,3485.8
1994-08-22,3487.4
1994-08-29,3485.1
1994-09-05,3484.2
1994-09-12,3485.2
1994-09-19,3487.2
1994-09-26,3490.4
1994-10-03,3480.6
1994-10-10,3486.9
1994-10-17,3485.5
1994-10-24,3483.6
1994-10-31,3482.7
1994-11-07,3481.6
1994-11-14,3486.0
1994-11-21,3490.8
1994-11-28,3489.9
1994-12-05,3490.1
1994-12-12,3488.7
1994-12-19,3485.8
1994-12-26,3486.1
1995-01-02,3480.3
1995-01-09,3489.8
1995-01-16,3493.9
1995-01-23,3495.2
1995-01-30,3494.1
1995-02-06,3492.4
1995-02-13,3490.3
1995-02-20,3486.9
1995-02-27,3490.8
1995-03-06,3486.6
1995-03-13,3493.1
1995-03-20,3492.3
1995-03-27,3495.1
1995-04-03,3485.1
1995-04-10,3495.7
1995-04-17,3495.6
1995-04-24,3502.5
1995-05-01,3510.7
1995-05-08,3513.5
1995-05-15,3518.8
1995-05-22,3528.9
1995-05-29,3532.9
1995-06-05,3541.4
1995-06-12,3549.8
1995-06-19,3547.7
1995-06-26,3552.3
1995-07-03,3552.9
1995-07-10,3562.6
1995-07-17,3565.2
1995-07-24,3570.6
1995-07-31,3577.3
1995-08-07,3582.4
1995-08-14,3586.1
1995-08-21,3591.7
1995-08-28,3593.2
1995-09-04,3595.4
1995-09-11,3600.8
1995-09-18,3601.1
1995-09-25,3606.1
1995-10-02,3604.9
1995-10-09,3614.5
1995-10-16,3615.0
1995-10-23,3612.8
1995-10-30,3613.0
1995-11-06,3617.5
1995-11-13,3617.1
1995-11-20,3620.0
1995-11-27,3624.0
1995-12-04,3621.0
1995-12-11,3627.9
1995-12-18,3627.0
1995-12-25,3632.2
1996-01-01,3636.9
1996-01-08,3641.7
1996-01-15,3655.8
1996-01-22,3647.5
1996-01-29,3646.4
1996-02-05,3651.7
1996-02-12,3655.8
1996-02-19,3660.6
1996-02-26,3667.4
1996-03-04,3681.6
1996-03-11,3680.6
1996-03-18,3687.8
1996-03-25,3689.2
1996-04-01,3695.5
1996-04-08,3696.5
1996-04-15,3705.3
1996-04-22,3695.5
1996-04-29,3691.8
1996-05-06,3706.4
1996-05-13,3711.0
1996-05-20,3710.0
1996-05-27,3708.2
1996-06-03,3713.5
1996-06-10,3721.6
1996-06-17,3722.2
1996-06-24,3720.8
1996-07-01,3730.4
1996-07-08,3730.1
1996-07-15,3734.5
1996-07-22,3740.1
1996-07-29,3741.4
1996-08-05,3744.6
1996-08-12,3744.6
1996-08-19,3742.9
1996-08-26,3745.3
1996-09-02,3743.2
1996-09-09,3757.4
1996-09-16,3752.3
1996-09-23,3749.2
1996-09-30,3758.1
1996-10-07,3764.0
1996-10-14,3769.1
1996-10-21,3774.6
1996-10-28,3778.9
1996-11-04,3783.5
1996-11-11,3791.4
1996-11-18,3794.4
1996-11-25,3797.7
1996-12-02,3806.7
1996-12-09,3817.6
1996-12-16,3816.3
1996-12-23,3822.0
1996-12-30,3820.0
1997-01-06,3830.4
1997-01-13,3833.9
1997-01-20,3834.9
1997-01-27,3836.7
1997-02-03,3838.2
1997-02-10,3847.7
1997-02-17,3847.2
1997-02-24,3846.3
1997-03-03,3848.5
1997-03-10,3861.8
1997-03-17,3860.6
1997-03-24,3862.0
1997-03-31,3865.7
1997-04-07,3876.2
1997-04-14,3877.6
1997-04-21,3879.2
1997-04-28,3875.0
1997-05-05,3878.0
1997-05-12,3884.6
1997-05-19,3887.5
1997-05-26,3897.6
1997-06-02,3897.4
1997-06-09,3909.3
1997-06-16,3902.8
1997-06-23,3904.0
1997-06-30,3910.3
1997-07-07,3922.6
1997-07-14,3920.8
1997-07-21,3922.0
1997-07-28,3924.3
1997-08-04,3937.7
1997-08-11,3949.1
1997-08-18,3957.3
1997-08-25,3963.7
1997-09-01,3973.1
1997-09-08,3973.2
1997-09-15,3971.1
1997-09-22,3970.8
1997-09-29,3975.3
1997-10-06,3986.9
1997-10-13,3987.7
1997-10-20,3994.1
1997-10-27,3993.9
1997-11-03,4002.5
1997-11-10,4011.3
1997-11-17,4010.6
1997-11-24,4017.0
1997-12-01,4027.3
1997-12-08,4028.8
1997-12-15,4026.7
1997-12-22,4031.2
1997-12-29,4039.4
1998-01-05,4055.1
1998-01-12,4052.9
1998-01-19,4052.2
1998-01-26,4057.5
1998-02-02,4065.7
1998-02-09,4080.4
1998-02-16,4086.0
1998-02-23,4096.0
1998-03-02,4104.1
1998-03-09,4116.1
1998-03-16,4117.0
1998-03-23,4112.4
1998-03-30,4111.8
1998-04-06,4135.2
1998-04-13,4138.8
1998-04-20,4143.3
1998-04-27,4138.4
1998-05-04,4150.3
1998-05-11,4158.8
1998-05-18,4162.5
1998-05-25,4166.5
1998-06-01,4180.0
1998-06-08,4183.8
1998-06-15,4185.1
1998-06-22,4182.7
1998-06-29,4181.7
1998-07-06,4207.9
1998-07-13,4197.9
1998-07-20,4202.4
1998-07-27,4203.5
1998-08-03,4210.7
1998-08-10,4227.3
1998-08-17,4226.0
1998-08-24,4230.3
1998-08-31,4238.9
1998-09-07,4259.9
1998-09-14,4267.8
1998-09-21,4272.3
1998-09-28,4265.9
1998-10-05,4284.7
1998-10-12,4296.0
1998-10-19,4307.6
1998-10-26,4321.8
1998-11-02,4328.7
1998-11-09,4345.6
1998-11-16,4349.0
1998-11-23,4347.4
1998-11-30,4349.6
1998-12-07,4368.6
1998-12-14,4370.5
1998-12-21,4374.7
1998-12-28,4380.4
1999-01-04,4394.7
1999-01-11,4398.9
1999-01-18,4402.8
1999-01-25,4399.4
1999-02-01,4417.8
1999-02-08,4420.4
1999-02-15,4425.9
1999-02-22,4429.4
1999-03-01,4428.9
1999-03-08,4431.5
1999-03-15,4427.7
1999-03-22,4430.4
1999-03-29,4435.9
1999-04-05,4451.7
1999-04-12,4455.1
1999-04-19,4463.8
1999-04-26,4469.8
1999-05-03,4465.7
1999-05-10,4482.9
1999-05-17,4482.9
1999-05-24,4488.1
1999-05-31,4499.2
1999-06-07,4503.7
1999-06-14,4505.4
1999-06-21,4510.7
1999-06-28,4509.7
1999-07-05,4517.1
1999-07-12,4535.1
1999-07-19,4534.7
1999-07-26,4543.4
1999-08-02,4544.0
1999-08-09,4552.4
1999-08-16,4556.2
1999-08-23,4552.2
1999-08-30,4551.1
1999-09-06,4561.7
1999-09-13,4565.2
1999-09-20,4572.9
1999-09-27,4569.4
1999-10-04,4580.2
1999-10-11,4586.5
1999-10-18,4589.1
1999-10-25,4596.0
1999-11-01,4608.4
1999-11-08,4605.6
1999-11-15,4611.4
1999-11-22,4615.7
1999-11-29,4612.9
1999-12-06,4625.0
1999-12-13,4629.6
1999-12-20,4639.9
1999-12-27,4650.0
2000-01-03,4665.1
2000-01-10,4669.5
2000-01-17,4671.6
2000-01-24,4678.9
2000-01-31,4679.6
2000-02-07,4686.1
2000-02-14,4679.2
2000-02-21,4678.6
2000-02-28,4678.3
2000-03-06,4690.2
2000-03-13,4697.8
2000-03-20,4716.0
2000-03-27,4723.5
2000-04-03,4740.0
2000-04-10,4763.8
2000-04-17,4772.8
2000-04-24,4779.2
2000-05-01,4767.1
2000-05-08,4746.7
2000-05-15,4752.5
2000-05-22,4757.3
2000-05-29,4759.9
2000-06-05,4771.8
2000-06-12,4774.6
2000-06-19,4771.0
2000-06-26,4773.4
2000-07-03,4779.5
2000-07-10,4789.7
2000-07-17,4786.4
2000-07-24,4795.3
2000-07-31,4799.0
2000-08-07,4807.2
2000-08-14,4807.8
2000-08-21,4823.9
2000-08-28,4829.7
2000-09-04,4841.1
2000-09-11,4851.5
2000-09-18,4856.5
2000-09-25,4857.2
2000-10-02,4867.3
2000-10-09,4872.1
2000-10-16,4872.6
2000-10-23,4871.9
2000-10-30,4869.5
2000-11-06,4872.7
2000-11-13,4874.3
2000-11-20,4879.4
2000-11-27,4894.4
2000-12-04,4902.2
2000-12-11,4908.6
2000-12-18,4922.2
2000-12-25,4937.5
2001-01-01,4961.7
2001-01-08,4967.2
2001-01-15,4979.0
2001-01-22,4985.6
2001-01-29,4978.1
2001-02-05,4998.0
2001-02-12,5006.7
2001-02-19,5014.9
2001-02-26,5032.4
2001-03-05,5054.6
2001-03-12,5061.0
2001-03-19,5066.7
2001-03-26,5086.8
2001-04-02,5108.8
2001-04-09,5130.2
2001-04-16,5146.7
2001-04-23,5152.1
2001-04-30,5136.2
2001-05-07,5129.8
2001-05-14,5129.2
2001-05-21,5140.2
2001-05-28,5135.7
2001-06-04,5168.8
2001-06-11,5173.1
2001-06-18,5183.4
2001-06-25,5180.3
2001-07-02,5194.2
2001-07-09,5198.2
2001-07-16,5211.3
2001-07-23,5212.5
2001-07-30,5219.9
2001-08-06,5229.6
2001-08-13,5238.6
2001-08-20,5244.5
2001-08-27,5249.8
2001-09-03,5262.2
2001-09-10,5284.1
2001-09-17,5454.9
2001-09-24,5373.2
2001-10-01,5348.4
2001-10-08,5339.4
2001-10-15,5338.6
2001-10-22,5340.9
2001-10-29,5348.3
2001-11-05,5369.3
2001-11-12,5376.4
2001-11-19,5385.4
2001-11-26,5402.3
2001-12-03,5407.7
2001-12-10,5432.2
2001-12-17,5449.6
2001-12-24,5437.9
2001-12-31,5456.5
2002-01-07,5455.1
2002-01-14,5456.8
2002-01-21,5457.4
2002-01-28,5466.0
2002-02-04,5480.0
2002-02-11,5485.7
2002-02-18,5488.5
2002-02-25,5497.0
2002-03-04,5502.7
2002-03-11,5503.1
2002-03-18,5501.5
2002-03-25,5495.7
2002-04-01,5508.4
2002-04-08,5494.6
2002-04-15,5506.5
2002-04-22,5501.7
2002-04-29,5502.9
2002-05-06,5515.1
2002-05-13,5524.0
2002-05-20,5533.9
2002-05-27,5538.2
2002-06-03,5528.7
2002-06-10,5542.3
2002-06-17,5552.9
2002-06-24,5558.3
2002-07-01,5573.2
2002-07-08,5567.6
2002-07-15,5587.5
2002-07-22,5601.6
2002-07-29,5621.1
2002-08-05,5629.2
2002-08-12,5635.5
2002-08-19,5637.3
2002-08-26,5641.7
2002-09-02,5647.8
2002-09-09,5657.0
2002-09-16,5663.0
2002-09-23,5659.4
2002-09-30,5674.0
2002-10-07,5681.1
2002-10-14,5695.5
2002-10-21,5711.6
2002-10-28,5724.8
2002-11-04,5742.3
2002-11-11,5751.3
2002-11-18,5763.5
2002-11-25,5754.8
2002-12-02,5777.1
2002-12-09,5770.6
2002-12-16,5784.0
2002-12-23,5779.7
2002-12-30,5781.9
2003-01-06,5792.3
2003-01-13,5803.4
2003-01-20,5817.5
2003-01-27,5825.9
2003-02-03,5823.5
2003-02-10,5845.4
2003-02-17,5867.3
2003-02-24,5842.6
2003-03-03,5848.2
2003-03-10,5863.6
2003-03-17,5875.1
2003-03-24,5866.5
2003-03-31,5877.1
2003-04-07,5886.7
2003-04-14,5893.6
2003-04-21,5892.2
2003-04-28,5932.2
2003-05-05,5966.1
2003-05-12,5965.1
2003-05-19,5957.4
2003-05-26,5965.7
2003-06-02,5975.2
2003-06-09,5981.9
2003-06-16,6004.4
2003-06-23,6007.4
2003-06-30,6023.0
2003-07-07,6041.7
2003-07-14,6037.0
2003-07-21,6043.7
2003-07-28,6054.4
2003-08-04,6095.2
2003-08-11,6102.6
2003-08-18,6137.6
2003-08-25,6090.2
2003-09-01,6104.5
2003-09-08,6091.0
2003-09-15,6085.7
2003-09-22,6072.6
2003-09-29,6068.0
2003-10-06,6064.5
2003-10-13,6070.2
2003-10-20,6073.8
2003-10-27,6074.4
2003-11-03,6063.4
2003-11-10,6076.9
2003-11-17,6081.5
2003-11-24,6069.2
2003-12-01,6080.4
2003-12-08,6071.7
2003-12-15,6074.2
2003-12-22,6076.1
2003-12-29,6072.4
2004-01-05,6072.6
2004-01-12,6070.6
2004-01-19,6076.2
2004-01-26,6090.3
2004-02-02,6104.2
2004-02-09,6104.7
2004-02-16,6123.8
2004-02-23,6128.1
2004-03-01,6137.7
2004-03-08,6132.6
2004-03-15,6149.4
2004-03-22,6168.9
2004-03-29,6176.6
2004-04-05,6182.2
2004-04-12,6180.6
2004-04-19,6184.3
2004-04-26,6216.3
2004-05-03,6247.3
2004-05-10,6268.3
2004-05-17,6290.0
2004-05-24,6276.6
2004-05-31,6280.1
2004-06-07,6270.6
2004-06-14,6280.3
2004-06-21,6281.2
2004-06-28,6279.9
2004-07-05,6276.7
2004-07-12,6289.5
2004-07-19,6288.1
2004-07-26,6298.2
2004-08-02,6301.9
2004-08-09,6306.7
2004-08-16,6322.5
2004-08-23,6326.0
2004-08-30,6318.8
2004-09-06,6329.2
2004-09-13,6341.6
2004-09-20,6361.8
2004-09-27,6369.0
2004-10-04,6361.4
2004-10-11,6369.0
2004-10-18,6375.3
2004-10-25,6387.4
2004-11-01,6401.1
2004-11-08,6394.3
2004-11-15,6407.2
2004-11-22,6413.8
2004-11-29,6409.7
2004-12-06,6413.3
2004-12-13,6419.0
2004-12-20,6435.6
2004-12-27,6438.4
2005-01-03,6394.6
2005-01-10,6404.1
2005-01-17,6423.3
2005-01-24,6425.4
2005-01-31,6421.7
2005-02-07,6432.1
2005-02-14,6432.6
2005-02-21,6446.9
2005-02-28,6444.0
2005-03-07,6438.9
2005-03-14,6442.0
2005-03-21,6450.9
2005-03-28,6458.0
2005-04-04,6456.1
2005-04-11,6455.1
2005-04-18,6462.8
2005-04-25,6464.4
2005-05-02,6471.0
2005-05-09,6478.8
2005-05-16,6478.0
2005-05-23,6481.7
2005-05-30,6478.3
2005-06-06,6490.5
2005-06-13,6500.2
2005-06-20,6520.9
2005-06-27,6527.3
2005-07-04,6523.0
2005-07-11,6525.1
2005-07-18,6541.2
2005-07-25,6554.1
2005-08-01,6569.1
2005-08-08,6564.3
2005-08-15,6572.8
2005-08-22,6586.0
2005-08-29,6578.6
2005-09-05,6592.8
2005-09-12,6598.1
2005-09-19,6613.8
2005-09-26,6622.8
2005-10-03,6623.7
2005-10-10,6633.8
2005-10-17,6649.6
2005-10-24,6653.8
2005-10-31,6647.2
2005-11-07,6648.9
2005-11-14,6656.5
2005-11-21,6672.4
2005-11-28,6661.9
2005-12-05,6671.1
2005-12-12,6677.9
2005-12-19,6689.7
2005-12-26,6696.9
2006-01-02,6702.9
2006-01-09,6720.4
2006-01-16,6732.6
2006-01-23,6742.4
2006-01-30,6732.0
2006-02-06,6734.6
2006-02-13,6740.1
2006-02-20,6764.0
2006-02-27,6774.6
2006-03-06,6772.3
2006-03-13,6757.3
2006-03-20,6766.9
2006-03-27,6776.8
2006-04-03,6776.7
2006-04-10,6792.2
2006-04-17,6811.2
2006-04-24,6821.7
2006-05-01,6816.6
2006-05-08,6795.4
2006-05-15,6811.2
2006-05-22,6822.9
2006-05-29,6820.7
2006-06-05,6827.9
2006-06-12,6839.3
2006-06-19,6851.3
2006-06-26,6871.0
2006-07-03,6871.1
2006-07-10,6890.5
2006-07-17,6898.7
2006-07-24,6901.7
2006-07-31,6893.4
2006-08-07,6905.1
2006-08-14,6913.3
2006-08-21,6937.7
2006-08-28,6935.9
2006-09-04,6944.7
2006-09-11,6943.9
2006-09-18,6946.6
2006-09-25,6958.2
2006-10-02,6970.1
2006-10-09,6994.8
2006-10-16,7002.6
2006-10-23,7009.2
2006-10-30,7007.3
2006-11-06,7017.4
2006-11-13,7022.9
2006-11-20,7037.7
2006-11-27,7060.1
2006-12-04,7055.7
2006-12-11,7061.3
2006-12-18,7072.2
2006-12-25,7098.2
2007-01-01,7106.6
2007-01-08,7108.0
2007-01-15,7125.4
2007-01-22,7121.2
2007-01-29,7117.9
2007-02-05,7126.0
2007-02-12,7126.7
2007-02-19,7131.9
2007-02-26,7150.5
2007-03-05,7133.9
2007-03-12,7144.4
2007-03-19,7158.6
2007-03-26,7196.5
2007-04-02,7209.7
2007-04-09,7225.9
2007-04-16,7244.7
2007-04-23,7259.1
2007-04-30,7241.8
2007-05-07,7245.9
2007-05-14,7247.9
2007-05-21,7259.9
2007-05-28,7259.3
2007-06-04,7267.3
2007-06-11,7277.2
2007-06-18,7286.8
2007-06-25,7296.0
2007-07-02,7309.1
2007-07-09,7303.8
2007-07-16,7315.6
2007-07-23,7323.9
2007-07-30,7330.2
2007-08-06,7347.3
2007-08-13,7366.8
2007-08-20,7403.7
2007-08-27,7440.4
2007-09-03,7419.5
2007-09-10,7407.8
2007-09-17,7412.1
2007-09-24,7410.0
2007-10-01,7420.1
2007-10-08,7427.5
2007-10-15,7417.3
2007-10-22,7418.1
2007-10-29,7448.8
2007-11-05,7435.1
2007-11-12,7434.1
2007-11-19,7453.0
2007-11-26,7478.8
2007-12-03,7467.8
2007-12-10,7480.3
2007-12-17,7482.6
2007-12-24,7486.3
2007-12-31,7493.6
2008-01-07,7490.4
2008-01-14,7485.3
2008-01-21,7516.2
2008-01-28,7551.2
2008-02-04,7580.5
2008-02-11,7589.6
2008-02-18,7593.3
2008-02-25,7624.6
2008-03-03,7635.1
2008-03-10,7647.6
2008-03-17,7672.2
2008-03-24,7686.8
2008-03-31,7688.3
2008-04-07,7706.4
2008-04-14,7709.1
2008-04-21,7734.2
2008-04-28,7703.1
2008-05-05,7702.2
2008-05-12,7715.8
2008-05-19,7722.5
2008-05-26,7743.1
2008-06-02,7740.4
2008-06-09,7738.2
2008-06-16,7741.6
2008-06-23,7750.2
2008-06-30,7746.6
2008-07-07,7768.0
2008-07-14,7779.4
2008-07-21,7806.6
2008-07-28,7804.2
2008-08-04,7806.2
2008-08-11,7811.4
2008-08-18,7801.7
2008-08-25,7808.1
2008-09-01,7801.1
2008-09-08,7781.5
2008-09-15,7797.3
2008-09-22,7955.0
2008-09-29,7958.3
2008-10-06,7926.6
2008-10-13,7968.4
2008-10-20,8011.8
2008-10-27,7984.2
2008-11-03,7977.6
2008-11-10,7992.1
2008-11-17,8010.6
2008-11-24,8040.1
2008-12-01,8096.2
2008-12-08,8153.6
2008-12-15,8195.0
2008-12-22,8225.1
2008-12-29,8241.0
2009-01-05,8273.4
2009-01-12,8270.1
2009-01-19,8284.9
2009-01-26,8310.1
2009-02-02,8307.4
2009-02-09,8311.1
2009-02-16,8316.0
2009-02-23,8318.7
2009-03-02,8341.0
2009-03-09,8378.5
2009-03-16,8412.9
2009-03-23,8400.4
2009-03-30,8368.9
2009-04-06,8370.8
2009-04-13,8380.2
2009-04-20,8393.7
2009-04-27,8400.3
2009-05-04,8429.3
2009-05-11,8443.8
2009-05-18,8446.2
2009-05-25,8459.5
2009-06-01,8460.4
2009-06-08,8470.7
2009-06-15,8470.7
2009-06-22,8462.0
2009-06-29,8434.9
2009-07-06,8450.6
2009-07-13,8453.3
2009-07-20,8465.9
2009-07-27,8481.2
2009-08-03,8465.8
2009-08-10,8473.7
2009-08-17,8475.2
2009-08-24,8448.4
2009-08-31,8453.4
2009-09-07,8454.4
2009-09-14,8466.3
2009-09-21,8464.0
2009-09-28,8460.7
2009-10-05,8465.3
2009-10-12,8478.7
2009-10-19,8493.7
2009-10-26,8499.8
2009-11-02,8498.3
2009-11-09,8513.1
2009-11-16,8519.7
2009-11-23,8520.2
2009-11-30,8520.5
2009-12-07,8534.3
2009-12-14,8524.3
2009-12-21,8510.5
2009-12-28,8498.5
2010-01-04,8468.7
2010-01-11,8462.2
2010-01-18,8468.2
2010-01-25,8486.9
2010-02-01,8502.1
2010-02-08,8506.6
2010-02-15,8540.9
2010-02-22,8539.0
2010-03-01,8526.5
2010-03-08,8518.0
2010-03-15,8522.6
2010-03-22,8520.3
2010-03-29,8527.8
2010-04-05,8539.8
2010-04-12,8546.8
2010-04-19,8541.4
2010-04-26,8569.4
2010-05-03,8585.8
2010-05-10,8595.8
2010-05-17,8618.9
2010-05-24,8603.0
2010-05-31,8627.9
2010-06-07,8627.4
2010-06-14,8616.4
2010-06-21,8636.7
2010-06-28,8638.0
2010-07-05,8606.9
2010-07-12,8629.5
2010-07-19,8635.9
2010-07-26,8656.8
2010-08-02,8667.0
2010-08-09,8679.8
2010-08-16,8687.8
2010-08-23,8688.4
2010-08-30,8699.4
2010-09-06,8704.4
2010-09-13,8714.7
2010-09-20,8714.2
2010-09-27,8728.1
2010-10-04,8745.1
2010-10-11,8765.2
2010-10-18,8771.9
2010-10-25,8773.3
2010-11-01,8778.2
2010-11-08,8776.1
2010-11-15,8781.8
2010-11-22,8792.3
2010-11-29,8805.4
2010-12-06,8803.1
2010-12-13,8816.9
2010-12-20,8824.5
2010-12-27,8844.0
2011-01-03,8825.2
2011-01-10,8847.6
2011-01-17,8892.2
2011-01-24,8859.6
2011-01-31,8876.3
2011-02-07,8894.7
2011-02-14,8903.2
2011-02-21,8918.0
2011-02-28,8925.8
2011-03-07,8939.4
2011-03-14,8942.7
2011-03-21,8961.4
2011-03-28,8972.0
2011-04-04,8981.2
2011-04-11,8993.0
2011-04-18,9013.9
2011-04-25,9049.1
2011-05-02,9063.2
2011-05-09,9062.7
2011-05-16,9072.6
2011-05-23,9074.6
2011-05-30,9089.3
2011-06-06,9090.6
2011-06-13,9106.2
2011-06-20,9148.4
2011-06-27,9225.6
2011-07-04,9270.6
2011-07-11,9281.3
2011-07-18,9308.4
2011-07-25,9346.0
2011-08-01,9493.2
2011-08-08,9515.7
2011-08-15,9545.6
2011-08-22,9572.8
2011-08-29,9571.2
2011-09-05,9570.3
2011-09-12,9565.6
2011-09-19,9561.4
2011-09-26,9587.4
2011-10-03,9596.7
2011-10-10,9604.9
2011-10-17,9614.3
2011-10-24,9593.4
2011-10-31,9612.6
2011-11-07,9637.7
2011-11-14,9656.0
2011-11-21,9643.4
2011-11-28,9649.6
2011-12-05,9660.6
2011-12-12,9682.7
2011-12-19,9674.3
2011-12-26,9673.4
2012-01-02,9749.8
2012-01-09,9758.7
2012-01-16,9769.3
2012-01-23,9764.8
2012-01-30,9771.6
2012-02-06,9788.3
2012-02-13,9807.5
2012-02-20,9813.0
2012-02-27,9814.1
2012-03-05,9835.9
2012-03-12,9846.3
2012-03-19,9840.2
2012-03-26,9859.9
2012-04-02,9882.5
2012-04-09,9899.8
2012-04-16,9915.3
2012-04-23,9898.0
2012-04-30,9919.6
2012-05-07,9934.9
2012-05-14,9932.5
2012-05-21,9939.9
2012-05-28,9939.1
2012-06-04,9953.6
2012-06-11,10006.1
2012-06-18,10008.1
2012-06-25,10013.9
2012-07-02,10040.3
2012-07-09,10064.3
2012-07-16,10085.4
2012-07-23,10081.0
2012-07-30,10099.5
2012-08-06,10113.1
2012-08-13,10150.1
2012-08-20,10149.0
2012-08-27,10169.9
2012-09-03,10198.1
2012-09-10,10217.9
2012-09-17,10238.8
2012-09-24,10232.8
2012-10-01,10280.2
2012-10-08,10281.1
2012-10-15,10288.6
2012-10-22,10279.8
2012-10-29,10323.1
2012-11-05,10370.2
2012-11-12,10342.9
2012-11-19,10332.6
2012-11-26,10355.7
2012-12-03,10396.5
2012-12-10,10430.6
2012-12-17,10476.9
2012-12-24,10505.8
2012-12-31,10548.9
2013-01-07,10536.2
2013-01-14,10509.7
2013-01-21,10491.7
2013-01-28,10498.0
2013-02-04,10496.1
2013-02-11,10511.7
2013-02-18,10493.7
2013-02-25,10504.5
2013-03-04,10539.3
2013-03-11,10551.7
2013-03-18,10569.1
2013-03-25,10585.0
2013-04-01,10633.0
2013-04-08,10602.1
2013-04-15,10612.3
2013-04-22,10609.5
2013-04-29,10620.5
2013-05-06,10630.7
2013-05-13,10646.1
2013-05-20,10642.5
2013-05-27,10658.1
2013-06-03,10676.6
2013-06-10,10697.2
2013-06-17,10697.2
2013-06-24,10691.5
2013-07-01,10742.9
2013-07-08,10721.3
2013-07-15,10749.0
2013-07-22,10773.1
2013-07-29,10782.7
2013-08-05,10795.9
2013-08-12,10811.2
2013-08-19,10801.0
2013-08-26,10833.2
2013-09-02,10848.1
2013-09-09,10841.8
2013-09-16,10844.1
2013-09-23,10877.3
2013-09-30,10925.3
2013-10-07,10930.5
2013-10-14,10968.6
2013-10-21,11025.4
2013-10-28,11004.3
2013-11-04,10987.3
2013-11-11,10971.4
2013-11-18,10977.2
2013-11-25,11004.0
2013-12-02,11023.8
2013-12-09,11042.6
2013-12-16,11045.0
2013-12-23,11065.1
2013-12-30,11061.4
2014-01-06,11072.4
2014-01-13,11072.1
2014-01-20,11102.6
2014-01-27,11138.0
2014-02-03,11137.7
2014-02-10,11174.8
2014-02-17,11205.9
2014-02-24,11200.4
2014-03-03,11186.4
2014-03-10,11206.3
2014-03-17,11225.6
2014-03-24,11246.6
2014-03-31,11246.6
2014-04-07,11252.6
2014-04-14,11275.1
2014-04-21,11276.4
2014-04-28,11318.8
2014-05-05,11322.6
2014-05-12,11335.4
2014-05-19,11335.8
2014-05-26,11371.0
2014-06-02,11400.1
2014-06-09,11385.6
2014-06-16,11394.4
2014-06-23,11409.6
2014-06-30,11427.5
2014-07-07,11423.7
2014-07-14,11456.2
2014-07-21,11479.5
2014-07-28,11493.4
2014-08-04,11495.2
2014-08-11,11475.3
2014-08-18,11489.7
2014-08-25,11502.5
2014-09-01,11514.6
2014-09-08,11507.7
2014-09-15,11524.0
2014-09-22,11532.6
2014-09-29,11549.4
2014-10-06,11565.0
2014-10-13,11564.4
2014-10-20,11593.5
2014-10-27,11626.1
2014-11-03,11586.9
2014-11-10,11620.8
2014-11-17,11622.2
2014-11-24,11631.0
2014-12-01,11661.7
2014-12-08,11681.8
2014-12-15,11699.2
2014-12-22,11716.7
2014-12-29,11728.2
2015-01-05,11713.8
2015-01-12,11742.0
2015-01-19,11753.2
2015-01-26,11793.9
2015-02-02,11853.6
2015-02-09,11864.7
2015-02-16,11885.2
2015-02-23,11913.7
2015-03-02,11919.4
2015-03-09,11894.4
2015-03-16,11902.9
2015-03-23,11906.1
2015-03-30,11916.3
2015-04-06,11946.9
2015-04-13,11958.4
2015-04-20,11963.2
2015-04-27,11951.0
2015-05-04,11955.0
2015-05-11,11970.9
2015-05-18,11981.9
2015-05-25,12005.9
2015-06-01,12018.0
2015-06-08,12001.9
2015-06-15,12013.4
2015-06-22,12051.4
2015-06-29,12068.1
2015-07-06,12088.7
2015-07-13,12081.0
2015-07-20,12083.9
2015-07-27,12097.4
2015-08-03,12085.6
2015-08-10,12109.0
2015-08-17,12141.8
2015-08-24,12158.3
2015-08-31,12167.5
2015-09-07,12170.2
2015-09-14,12194.1
2015-09-21,12215.2
2015-09-28,12197.6
2015-10-05,12191.6
2015-10-12,12194.6
2015-10-19,12199.5
2015-10-26,12257.4
2015-11-02,12298.1
2015-11-09,12306.3
2015-11-16,12317.6
2015-11-23,12327.0
2015-11-30,12322.0
2015-12-07,12336.4
2015-12-14,12350.8
2015-12-21,12398.5
2015-12-28,12395.1
2016-01-04,12382.5
2016-01-11,12485.6
2016-01-18,12497.1
2016-01-25,12534.0
2016-02-01,12558.6
2016-02-08,12533.6
2016-02-15,12578.3
2016-02-22,12601.5
2016-02-29,12597.1
2016-03-07,12604.7
2016-03-14,12611.0
2016-03-21,12645.2
2016-03-28,12682.5
2016-04-04,12684.4
2016-04-11,12700.1
2016-04-18,12720.0
2016-04-25,12757.8
2016-05-02,12782.5
2016-05-09,12789.9
2016-05-16,12799.0
2016-05-23,12817.2
2016-05-30,12800.9
2016-06-06,12821.2
2016-06-13,12870.5
2016-06-20,12884.1
2016-06-27,12886.4
2016-07-04,12883.1
2016-07-11,12898.6
2016-07-18,12923.7
2016-07-25,12947.5
2016-08-01,12970.4
2016-08-08,12992.0
2016-08-15,13003.6
2016-08-22,13029.0
2016-08-29,13030.1
2016-09-05,13041.4
2016-09-12,13077.6
2016-09-19,13071.3
2016-09-26,13079.9
2016-10-03,13076.9
2016-10-10,13133.5
2016-10-17,13128.1
2016-10-24,13134.7
2016-10-31,13157.7
2016-11-07,13154.6
2016-11-14,13196.7
2016-11-21,13232.2
2016-11-28,13220.1
2016-12-05,13221.6
2016-12-12,13225.9
2016-12-19,13230.1
2016-12-26,13233.1
2017-01-02,13243.5
2017-01-09,13290.5
2017-01-16,13308.0
2017-01-23,13325.2
2017-01-30,13320.1
2017-02-06,13347.3
2017-02-13,13359.7
2017-02-20,13375.9
2017-02-27,13407.3
2017-03-06,13405.6
2017-03-13,13442.1
2017-03-20,13456.8
2017-03-27,13463.3
2017-04-03,13455.4
2017-04-10,13497.8
2017-04-17,13501.0
2017-04-24,13525.6
2017-05-01,13549.1
2017-05-08,13539.3
2017-05-15,13553.4
2017-05-22,13582.4
2017-05-29,13586.7
2017-06-05,13581.1
2017-06-12,13587.2
2017-06-19,13588.2
2017-06-26,13616.0
2017-07-03,13597.1
2017-07-10,13646.7
2017-07-17,13659.1
2017-07-24,13665.8
2017-07-31,13676.2
2017-08-07,13686.3
2017-08-14,13691.7
2017-08-21,13726.5
2017-08-28,13738.7
2017-09-04,13731.2
2017-09-11,13750.3
2017-09-18,13750.7
2017-09-25,13765.8
2017-10-02,13787.5
2017-10-09,13817.5
2017-10-16,13806.0
2017-10-23,13807.7
2017-10-30,13817.5
2017-11-06,13824.3
2017-11-13,13832.7
2017-11-20,13829.2
2017-11-27,13855.7
2017-12-04,13848.0
2017-12-11,13887.1
2017-12-18,13895.8
2017-12-25,13870.8
2018-01-01,13872.1
2018-01-08,13886.0
2018-01-15,13894.1
2018-01-22,13906.6
2018-01-29,13909.1
2018-02-05,13923.3
2018-02-12,13919.3
2018-02-19,13927.9
2018-02-26,13955.5
2018-03-05,13978.6
2018-03-12,13983.9
2018-03-19,13986.1
2018-03-26,14011.4
2018-04-02,14018.9
2018-04-09,14016.8
2018-04-16,14022.3
2018-04-23,14039.7
2018-04-30,14030.0
2018-05-07,14046.4
2018-05-14,14070.0
2018-05-21,14090.0
2018-05-28,14111.2
2018-06-04,14123.6
2018-06-11,14139.7
2018-06-18,14155.6
2018-06-25,14162.0
2018-07-02,14171.9
2018-07-09,14172.6
2018-07-16,14192.7
2018-07-23,14193.3
2018-07-30,14188.4
2018-08-06,14188.4
2018-08-13,14216.8
2018-08-20,14229.9
2018-08-27,14256.4
2018-09-03,14256.0
2018-09-10,14240.8
2018-09-17,14259.3
2018-09-24,14264.9
2018-10-01,14274.2
2018-10-08,14248.0
2018-10-15,14263.2
2018-10-22,14275.3
2018-10-29,14274.7
2018-11-05,14252.8
2018-11-12,14253.1
2018-11-19,14274.4
2018-11-26,14286.5
2018-12-03,14331.0
2018-12-10,14353.7
2018-12-17,14347.6
2018-12-24,14414.8
2018-12-31,14442.5
2019-01-07,14439.4
2019-01-14,14453.2
2019-01-21,14462.8
2019-01-28,14501.1
2019-02-04,14488.2
2019-02-11,14496.4
2019-02-18,14486.1
2019-02-25,14503.1
2019-03-04,14519.8
2019-03-11,14534.0
2019-03-18,14528.1
2019-03-25,14550.8
2019-04-01,14577.3
2019-04-08,14574.3
2019-04-15,14586.2
2019-04-22,14573.8
2019-04-29,14617.2
2019-05-06,14637.3
2019-05-13,14647.8
2019-05-20,14687.9
2019-05-27,14728.1
2019-06-03,14758.1
2019-06-10,14788.4
2019-06-17,14814.1
2019-06-24,14831.5
2019-07-01,14863.4
2019-07-08,14870.4
2019-07-15,14867.0
2019-07-22,14905.3
2019-07-29,14936.7
2019-08-05,14956.6
2019-08-12,14960.8
2019-08-19,14960.9
2019-08-26,14975.6
2019-09-02,15007.9
2019-09-09,15023.4
2019-09-16,15034.8
2019-09-23,15086.7
2019-09-30,15123.9
2019-10-07,15151.6
2019-10-14,15158.6
2019-10-21,15194.4
2019-10-28,15223.8
2019-11-04,15249.3
2019-11-11,15262.0
2019-11-18,15291.2
2019-11-25,15319.5
2019-12-02,15316.0
2019-12-09,15301.9
2019-12-16,15354.4
2019-12-23,15361.1
2019-12-30,15365.7
2020-01-06,15373.7
2020-01-13,15413.1
2020-01-20,15463.9
2020-01-27,15484.3
2020-02-03,15467.5
2020-02-10,15475.7
2020-02-17,15486.8
2020-02-24,15476.9
2020-03-02,15549.6
2020-03-09,15608.5
2020-03-16,15765.0
2020-03-23,16185.4
2020-03-30,16562.2
2020-04-06,16630.5
2020-04-13,16750.1
2020-04-20,17109.9
2020-04-27,17436.4
2020-05-04,17634.0
2020-05-11,17857.5
2020-05-18,17945.1
2020-05-25,17971.0
2020-06-01,18002.2
2020-06-08,18097.4
2020-06-15,18173.9
2020-06-22,18266.8
2020-06-29,18259.8
2020-07-06,18356.5
2020-07-13,18415.4
2020-07-20,18336.1
2020-07-27,18294.9
2020-08-03,18264.8
2020-08-10,18407.8
2020-08-17,18445.1
2020-08-24,18375.6
2020-08-31,18447.6
2020-09-07,18560.7
2020-09-14,18682.5
2020-09-21,18693.9
2020-09-28,18610.3
2020-10-05,18651.5
2020-10-12,18751.9
2020-10-19,18763.0
2020-10-26,18777.8
2020-11-02,18825.3
2020-11-09,18992.8
2020-11-16,19025.8
2020-11-23,19031.7
2020-11-30,18902.4
2020-12-07,19122.7
2020-12-14,19184.5
2020-12-21,19078.3
2020-12-28,18964.5
2021-01-04,19070.7
2021-01-11,19443.8
2021-01-18,19454.5
2021-01-25,19401.8
2021-02-01,19393.4
