Date,Ticker,Prediction
2026-03-06,VOX,193.88988528493437
2026-03-09,VOX,193.92840856098005
2026-03-10,VOX,193.96833709315763
2026-03-11,VOX,194.00782221437876
2026-03-12,VOX,194.04740411851802
2026-03-13,VOX,194.08696700632305
2026-03-16,VOX,194.12653345695324
2026-03-17,VOX,194.16609925110018
2026-03-18,VOX,194.20566516560254
2026-03-19,VOX,194.2452310580439
2026-03-20,VOX,194.2847969545338
2026-03-23,VOX,194.32436285027978
2026-03-24,VOX,194.36392874616257
2026-03-25,VOX,194.40349464202018
2026-03-26,VOX,194.44306053788242
2026-03-27,VOX,194.48262643374383
2026-03-30,VOX,194.52219232960536
2026-03-31,VOX,194.5617582254669
2026-04-01,VOX,194.60132412132842
2026-04-02,VOX,194.64089001718995
2026-04-03,VOX,194.68045591305147
2026-04-06,VOX,194.720021808913
2026-04-07,VOX,194.75958770477453
2026-04-08,VOX,194.79915360063606
2026-04-09,VOX,194.8387194964976
2026-04-10,VOX,194.87828539235912
2026-04-13,VOX,194.91785128822065
2026-04-14,VOX,194.95741718408217
2026-04-15,VOX,194.9969830799437
2026-04-16,VOX,195.03654897580523
2026-04-17,VOX,195.07611487166676
2026-04-20,VOX,195.1156807675283
2026-04-21,VOX,195.15524666338982
2026-04-22,VOX,195.19481255925135
2026-04-23,VOX,195.23437845511287
2026-04-24,VOX,195.2739443509744
2026-04-27,VOX,195.31351024683593
2026-04-28,VOX,195.35307614269746
2026-04-29,VOX,195.392642038559
2026-04-30,VOX,195.43220793442052
2026-05-01,VOX,195.47177383028205
2026-05-04,VOX,195.51133972614358
2026-05-05,VOX,195.5509056220051
2026-05-06,VOX,195.59047151786663
2026-05-07,VOX,195.63003741372816
2026-05-08,VOX,195.6696033095897
2026-05-11,VOX,195.70916920545122
2026-05-12,VOX,195.74873510131275
2026-05-13,VOX,195.78830099717428
2026-05-14,VOX,195.8278668930358
2026-05-15,VOX,195.86743278889733
2026-05-18,VOX,195.90699868475886
2026-05-19,VOX,195.9465645806204
2026-05-20,VOX,195.98613047648192
2026-05-21,VOX,196.02569637234345
2026-05-22,VOX,196.06526226820498
2026-05-25,VOX,196.1048281640665
2026-05-26,VOX,196.14439405992803
2026-05-27,VOX,196.18395995578956
2026-05-28,VOX,196.2235258516511
2026-05-29,VOX,196.26309174751262
2026-06-01,VOX,196.30265764337412
2026-06-02,VOX,196.34222353923565
2026-06-03,VOX,196.38178943509718
2026-06-04,VOX,196.4213553309587
2026-06-05,VOX,196.46092122682023
2026-06-08,VOX,196.50048712268176
2026-06-09,VOX,196.5400530185433
2026-06-10,VOX,196.57961891440482
2026-06-11,VOX,196.61918481026635
2026-06-12,VOX,196.65875070612788
2026-06-15,VOX,196.6983166019894
2026-06-16,VOX,196.73788249785093
2026-06-17,VOX,196.77744839371246
2026-06-18,VOX,196.817014289574
2026-06-19,VOX,196.85658018543552
2026-06-22,VOX,196.89614608129705
2026-06-23,VOX,196.93571197715858
2026-06-24,VOX,196.9752778730201
2026-06-25,VOX,197.01484376888163
2026-06-26,VOX,197.05440966474316
2026-06-29,VOX,197.0939755606047
2026-06-30,VOX,197.13354145646622
2026-07-01,VOX,197.17310735232775
2026-07-02,VOX,197.21267324818928
2026-07-03,VOX,197.2522391440508
2026-07-06,VOX,197.29180503991233
2026-07-07,VOX,197.33137093577386
2026-07-08,VOX,197.3709368316354
2026-07-09,VOX,197.41050272749692
2026-03-06,VCR,383.1864972982983
2026-03-09,VCR,383.2755657013499
2026-03-10,VCR,383.367267800064
2026-03-11,VCR,383.45806148870514
2026-03-12,VCR,383.5490526460924
2026-03-13,VCR,383.64000461816556
2026-03-16,VCR,383.73096401783283
2026-03-17,VCR,383.82192203427405
2026-03-18,VCR,383.91288030706926
2026-03-19,VCR,384.0038385323724
2026-03-20,VCR,384.0947967664793
2026-03-23,VCR,384.18575499895314
2026-03-24,VCR,384.27671323173
2026-03-25,VCR,384.36767146445067
2026-03-26,VCR,384.4586296971818
2026-03-27,VCR,384.5495879299109
2026-03-30,VCR,384.6405461626404
2026-03-31,VCR,384.7315043953699
2026-04-01,VCR,384.82246262809934
2026-04-02,VCR,384.91342086082875
2026-04-03,VCR,385.0043790935582
2026-04-06,VCR,385.0953373262877
2026-04-07,VCR,385.18629555901714
2026-04-08,VCR,385.2772537917466
2026-04-09,VCR,385.36821202447607
2026-04-10,VCR,385.45917025720547
2026-04-13,VCR,385.55012848993493
2026-04-14,VCR,385.6410867226644
2026-04-15,VCR,385.73204495539386
2026-04-16,VCR,385.8230031881233
2026-04-17,VCR,385.9139614208528
2026-04-20,VCR,386.0049196535822
2026-04-21,VCR,386.09587788631165
2026-04-22,VCR,386.1868361190411
2026-04-23,VCR,386.2777943517706
2026-04-24,VCR,386.36875258450004
2026-04-27,VCR,386.4597108172295
2026-04-28,VCR,386.5506690499589
2026-04-29,VCR,386.6416272826884
2026-04-30,VCR,386.73258551541784
2026-05-01,VCR,386.8235437481473
2026-05-04,VCR,386.91450198087676
2026-05-05,VCR,387.00546021360617
2026-05-06,VCR,387.09641844633563
2026-05-07,VCR,387.1873766790651
2026-05-08,VCR,387.27833491179456
2026-05-11,VCR,387.369293144524
2026-05-12,VCR,387.4602513772535
2026-05-13,VCR,387.5512096099829
2026-05-14,VCR,387.64216784271235
2026-05-15,VCR,387.7331260754418
2026-05-18,VCR,387.8240843081713
2026-05-19,VCR,387.91504254090074
2026-05-20,VCR,388.0060007736302
2026-05-21,VCR,388.0969590063596
2026-05-22,VCR,388.1879172390891
2026-05-25,VCR,388.27887547181854
2026-05-26,VCR,388.369833704548
2026-05-27,VCR,388.46079193727746
2026-05-28,VCR,388.5517501700069
2026-05-29,VCR,388.64270840273633
2026-06-01,VCR,388.7336666354658
2026-06-02,VCR,388.82462486819526
2026-06-03,VCR,388.9155831009247
2026-06-04,VCR,389.0065413336542
2026-06-05,VCR,389.09749956638365
2026-06-08,VCR,389.18845779911305
2026-06-09,VCR,389.2794160318425
2026-06-10,VCR,389.370374264572
2026-06-11,VCR,389.46133249730144
2026-06-12,VCR,389.5522907300309
2026-06-15,VCR,389.64324896276037
2026-06-16,VCR,389.7342071954898
2026-06-17,VCR,389.82516542821924
2026-06-18,VCR,389.9161236609487
2026-06-19,VCR,390.00708189367816
2026-06-22,VCR,390.0980401264076
2026-06-23,VCR,390.18899835913703
2026-06-24,VCR,390.2799565918665
2026-06-25,VCR,390.37091482459596
2026-06-26,VCR,390.4618730573254
2026-06-29,VCR,390.5528312900549
2026-06-30,VCR,390.64378952278435
2026-07-01,VCR,390.73474775551375
2026-07-02,VCR,390.8257059882432
2026-07-03,VCR,390.9166642209727
2026-07-06,VCR,391.00762245370214
2026-07-07,VCR,391.0985806864316
2026-07-08,VCR,391.18953891916107
2026-07-09,VCR,391.2804971518905
2026-03-06,VDC,237.1782382336765
2026-03-09,VDC,237.22656288230428
2026-03-10,VDC,237.27596932392447
2026-03-11,VDC,237.3250347995607
2026-03-12,VDC,237.37419295726363
2026-03-13,VDC,237.42333061349046
2026-03-16,VDC,237.4724723725199
2026-03-17,VDC,237.52161334664035
2026-03-18,VDC,237.5707544682563
2026-03-19,VDC,237.61989556229386
2026-03-20,VDC,237.6690366614912
2026-03-23,VDC,237.71817775972116
2026-03-24,VDC,237.76731885813282
2026-03-25,VDC,237.81645995651033
2026-03-26,VDC,237.86560105489423
2026-03-27,VDC,237.91474215327696
2026-03-30,VDC,237.9638832516599
2026-03-31,VDC,238.0130243500428
2026-04-01,VDC,238.0621654484257
2026-04-02,VDC,238.1113065468086
2026-04-03,VDC,238.1604476451915
2026-04-06,VDC,238.20958874357441
2026-04-07,VDC,238.25872984195732
2026-04-08,VDC,238.30787094034022
2026-04-09,VDC,238.35701203872313
2026-04-10,VDC,238.40615313710603
2026-04-13,VDC,238.45529423548894
2026-04-14,VDC,238.50443533387184
2026-04-15,VDC,238.55357643225474
2026-04-16,VDC,238.60271753063765
2026-04-17,VDC,238.65185862902055
2026-04-20,VDC,238.70099972740346
2026-04-21,VDC,238.75014082578636
2026-04-22,VDC,238.79928192416926
2026-04-23,VDC,238.84842302255217
2026-04-24,VDC,238.89756412093507
2026-04-27,VDC,238.94670521931798
2026-04-28,VDC,238.99584631770088
2026-04-29,VDC,239.04498741608379
2026-04-30,VDC,239.0941285144667
2026-05-01,VDC,239.1432696128496
2026-05-04,VDC,239.1924107112325
2026-05-05,VDC,239.2415518096154
2026-05-06,VDC,239.2906929079983
2026-05-07,VDC,239.3398340063812
2026-05-08,VDC,239.3889751047641
2026-05-11,VDC,239.43811620314702
2026-05-12,VDC,239.48725730152992
2026-05-13,VDC,239.53639839991283
2026-05-14,VDC,239.58553949829573
2026-05-15,VDC,239.63468059667866
2026-05-18,VDC,239.68382169506157
2026-05-19,VDC,239.73296279344447
2026-05-20,VDC,239.78210389182738
2026-05-21,VDC,239.83124499021028
2026-05-22,VDC,239.88038608859318
2026-05-25,VDC,239.9295271869761
2026-05-26,VDC,239.978668285359
2026-05-27,VDC,240.0278093837419
2026-05-28,VDC,240.0769504821248
2026-05-29,VDC,240.1260915805077
2026-06-01,VDC,240.1752326788906
2026-06-02,VDC,240.2243737772735
2026-06-03,VDC,240.27351487565642
2026-06-04,VDC,240.32265597403932
2026-06-05,VDC,240.37179707242223
2026-06-08,VDC,240.42093817080513
2026-06-09,VDC,240.47007926918803
2026-06-10,VDC,240.51922036757094
2026-06-11,VDC,240.56836146595384
2026-06-12,VDC,240.61750256433675
2026-06-15,VDC,240.66664366271965
2026-06-16,VDC,240.71578476110255
2026-06-17,VDC,240.76492585948546
2026-06-18,VDC,240.81406695786836
2026-06-19,VDC,240.86320805625127
2026-06-22,VDC,240.91234915463417
2026-06-23,VDC,240.96149025301708
2026-06-24,VDC,241.01063135139998
2026-06-25,VDC,241.05977244978288
2026-06-26,VDC,241.1089135481658
2026-06-29,VDC,241.1580546465487
2026-06-30,VDC,241.2071957449316
2026-07-01,VDC,241.2563368433145
2026-07-02,VDC,241.3054779416974
2026-07-03,VDC,241.3546190400803
2026-07-06,VDC,241.4037601384632
2026-07-07,VDC,241.45290123684612
2026-07-08,VDC,241.50204233522902
2026-07-09,VDC,241.55118343361193
2026-03-06,VDE,158.86756844557246
2026-03-09,VDE,158.89061217869795
2026-03-10,VDE,158.9138680166671
2026-03-11,VDE,158.93703594286217
2026-03-12,VDE,158.9602384212183
2026-03-13,VDE,158.98343228266293
2026-03-16,VDE,159.00662810884214
2026-03-17,VDE,159.0298235077938
2026-03-18,VDE,159.0530189976163
2026-03-19,VDE,159.0762144682593
2026-03-20,VDE,159.0994099429404
2026-03-23,VDE,159.1226054167713
2026-03-24,VDE,159.14580089078135
2026-03-25,VDE,159.1689963647536
2026-03-26,VDE,159.19219183873383
2026-03-27,VDE,159.21538731271238
2026-03-30,VDE,159.23858278669127
2026-03-31,VDE,159.2617782606701
2026-04-01,VDE,159.28497373464896
2026-04-02,VDE,159.3081692086278
2026-04-03,VDE,159.33136468260662
2026-04-06,VDE,159.35456015658545
2026-04-07,VDE,159.3777556305643
2026-04-08,VDE,159.40095110454314
2026-04-09,VDE,159.42414657852197
2026-04-10,VDE,159.4473420525008
2026-04-13,VDE,159.47053752647966
2026-04-14,VDE,159.4937330004585
2026-04-15,VDE,159.51692847443732
2026-04-16,VDE,159.54012394841615
2026-04-17,VDE,159.563319422395
2026-04-20,VDE,159.58651489637384
2026-04-21,VDE,159.60971037035267
2026-04-22,VDE,159.63290584433153
2026-04-23,VDE,159.65610131831036
2026-04-24,VDE,159.6792967922892
2026-04-27,VDE,159.70249226626802
2026-04-28,VDE,159.72568774024688
2026-04-29,VDE,159.7488832142257
2026-04-30,VDE,159.77207868820454
2026-05-01,VDE,159.79527416218338
2026-05-04,VDE,159.81846963616223
2026-05-05,VDE,159.84166511014107
2026-05-06,VDE,159.8648605841199
2026-05-07,VDE,159.88805605809873
2026-05-08,VDE,159.91125153207759
2026-05-11,VDE,159.93444700605642
2026-05-12,VDE,159.95764248003525
2026-05-13,VDE,159.9808379540141
2026-05-14,VDE,160.00403342799294
2026-05-15,VDE,160.02722890197177
2026-05-18,VDE,160.0504243759506
2026-05-19,VDE,160.07361984992946
2026-05-20,VDE,160.0968153239083
2026-05-21,VDE,160.12001079788712
2026-05-22,VDE,160.14320627186595
2026-05-25,VDE,160.1664017458448
2026-05-26,VDE,160.18959721982364
2026-05-27,VDE,160.21279269380247
2026-05-28,VDE,160.2359881677813
2026-05-29,VDE,160.25918364176016
2026-06-01,VDE,160.282379115739
2026-06-02,VDE,160.30557458971782
2026-06-03,VDE,160.32877006369668
2026-06-04,VDE,160.3519655376755
2026-06-05,VDE,160.37516101165434
2026-06-08,VDE,160.39835648563317
2026-06-09,VDE,160.42155195961203
2026-06-10,VDE,160.44474743359086
2026-06-11,VDE,160.4679429075697
2026-06-12,VDE,160.49113838154852
2026-06-15,VDE,160.51433385552738
2026-06-16,VDE,160.5375293295062
2026-06-17,VDE,160.56072480348504
2026-06-18,VDE,160.58392027746387
2026-06-19,VDE,160.60711575144273
2026-06-22,VDE,160.63031122542156
2026-06-23,VDE,160.6535066994004
2026-06-24,VDE,160.67670217337925
2026-06-25,VDE,160.69989764735809
2026-06-26,VDE,160.72309312133692
2026-06-29,VDE,160.74628859531575
2026-06-30,VDE,160.7694840692946
2026-07-01,VDE,160.79267954327344
2026-07-02,VDE,160.81587501725227
2026-07-03,VDE,160.8390704912311
2026-07-06,VDE,160.86226596520996
2026-07-07,VDE,160.8854614391888
2026-07-08,VDE,160.90865691316762
2026-07-09,VDE,160.93185238714645
2026-03-06,VFH,126.06736215618515
2026-03-09,VFH,126.09577382610196
2026-03-10,VFH,126.12474346689578
2026-03-11,VFH,126.15352876034595
2026-03-12,VFH,126.18235853138778
2026-03-13,VFH,126.21117904697014
2026-03-16,VFH,126.24000134814558
2026-03-17,VFH,126.26882331290177
2026-03-18,VFH,126.29764534076764
2026-03-19,VFH,126.32646735676418
2026-03-20,VFH,126.35528937500011
2026-03-23,VFH,126.3841113928127
2026-03-24,VFH,126.41293341070538
2026-03-25,VFH,126.44175542858291
2026-03-26,VFH,126.4705774464633
2026-03-27,VFH,126.49939946434316
2026-03-30,VFH,126.5282214822231
2026-03-31,VFH,126.55704350010303
2026-04-01,VFH,126.58586551798297
2026-04-02,VFH,126.61468753586291
2026-04-03,VFH,126.64350955374285
2026-04-06,VFH,126.67233157162278
2026-04-07,VFH,126.70115358950272
2026-04-08,VFH,126.72997560738266
2026-04-09,VFH,126.75879762526259
2026-04-10,VFH,126.78761964314253
2026-04-13,VFH,126.81644166102247
2026-04-14,VFH,126.8452636789024
2026-04-15,VFH,126.87408569678233
2026-04-16,VFH,126.90290771466228
2026-04-17,VFH,126.93172973254221
2026-04-20,VFH,126.96055175042214
2026-04-21,VFH,126.98937376830209
2026-04-22,VFH,127.01819578618202
2026-04-23,VFH,127.04701780406195
2026-04-24,VFH,127.0758398219419
2026-04-27,VFH,127.10466183982183
2026-04-28,VFH,127.13348385770176
2026-04-29,VFH,127.16230587558171
2026-04-30,VFH,127.19112789346164
2026-05-01,VFH,127.21994991134157
2026-05-04,VFH,127.2487719292215
2026-05-05,VFH,127.27759394710145
2026-05-06,VFH,127.30641596498138
2026-05-07,VFH,127.33523798286132
2026-05-08,VFH,127.36406000074126
2026-05-11,VFH,127.3928820186212
2026-05-12,VFH,127.42170403650113
2026-05-13,VFH,127.45052605438107
2026-05-14,VFH,127.479348072261
2026-05-15,VFH,127.50817009014094
2026-05-18,VFH,127.53699210802088
2026-05-19,VFH,127.56581412590081
2026-05-20,VFH,127.59463614378075
2026-05-21,VFH,127.6234581616607
2026-05-22,VFH,127.65228017954063
2026-05-25,VFH,127.68110219742056
2026-05-26,VFH,127.70992421530049
2026-05-27,VFH,127.73874623318044
2026-05-28,VFH,127.76756825106037
2026-05-29,VFH,127.7963902689403
2026-06-01,VFH,127.82521228682025
2026-06-02,VFH,127.85403430470018
2026-06-03,VFH,127.88285632258011
2026-06-04,VFH,127.91167834046006
2026-06-05,VFH,127.94050035833999
2026-06-08,VFH,127.96932237621992
2026-06-09,VFH,127.99814439409987
2026-06-10,VFH,128.0269664119798
2026-06-11,VFH,128.05578842985975
2026-06-12,VFH,128.08461044773966
2026-06-15,VFH,128.1134324656196
2026-06-16,VFH,128.14225448349956
2026-06-17,VFH,128.17107650137947
2026-06-18,VFH,128.19989851925942
2026-06-19,VFH,128.22872053713937
2026-06-22,VFH,128.25754255501928
2026-06-23,VFH,128.28636457289923
2026-06-24,VFH,128.31518659077918
2026-06-25,VFH,128.3440086086591
2026-06-26,VFH,128.37283062653904
2026-06-29,VFH,128.40165264441896
2026-06-30,VFH,128.4304746622989
2026-07-01,VFH,128.45929668017885
2026-07-02,VFH,128.48811869805877
2026-07-03,VFH,128.51694071593872
2026-07-06,VFH,128.54576273381866
2026-07-07,VFH,128.57458475169858
2026-07-08,VFH,128.60340676957853
2026-07-09,VFH,128.63222878745847
2026-03-06,VHT,290.3043388128637
2026-03-09,VHT,290.36738303471657
2026-03-10,VHT,290.43214306889263
2026-03-11,VHT,290.4964757835536
2026-03-12,VHT,290.5609184778889
2026-03-13,VHT,290.62533836112254
2026-03-16,VHT,290.689762695705
2026-03-17,VHT,290.7541861966634
2026-03-18,VHT,290.8186098516631
2026-03-19,VHT,290.8830334783522
2026-03-20,VHT,290.9474571102418
2026-03-23,VHT,291.0118807411758
2026-03-24,VHT,291.07630437228545
2026-03-25,VHT,291.14072800336277
2026-03-26,VHT,291.20515163444605
2026-03-27,VHT,291.26957526552826
2026-03-30,VHT,291.3339988966107
2026-03-31,VHT,291.398422527693
2026-04-01,VHT,291.4628461587754
2026-04-02,VHT,291.52726978985777
2026-04-03,VHT,291.59169342094015
2026-04-06,VHT,291.6561170520225
2026-04-07,VHT,291.7205406831049
2026-04-08,VHT,291.7849643141873
2026-04-09,VHT,291.8493879452696
2026-04-10,VHT,291.913811576352
2026-04-13,VHT,291.97823520743435
2026-04-14,VHT,292.04265883851673
2026-04-15,VHT,292.1070824695991
2026-04-16,VHT,292.1715061006815
2026-04-17,VHT,292.23592973176386
2026-04-20,VHT,292.30035336284624
2026-04-21,VHT,292.36477699392856
2026-04-22,VHT,292.42920062501094
2026-04-23,VHT,292.4936242560933
2026-04-24,VHT,292.5580478871757
2026-04-27,VHT,292.62247151825807
2026-04-28,VHT,292.68689514934044
2026-04-29,VHT,292.7513187804228
2026-04-30,VHT,292.81574241150514
2026-05-01,VHT,292.8801660425875
2026-05-04,VHT,292.9445896736699
2026-05-05,VHT,293.0090133047523
2026-05-06,VHT,293.07343693583465
2026-05-07,VHT,293.137860566917
2026-05-08,VHT,293.2022841979994
2026-05-11,VHT,293.2667078290818
2026-05-12,VHT,293.3311314601641
2026-05-13,VHT,293.3955550912465
2026-05-14,VHT,293.45997872232886
2026-05-15,VHT,293.52440235341123
2026-05-18,VHT,293.5888259844936
2026-05-19,VHT,293.653249615576
2026-05-20,VHT,293.71767324665836
2026-05-21,VHT,293.7820968777407
2026-05-22,VHT,293.84652050882306
2026-05-25,VHT,293.91094413990544
2026-05-26,VHT,293.9753677709878
2026-05-27,VHT,294.0397914020702
2026-05-28,VHT,294.10421503315257
2026-05-29,VHT,294.16863866423495
2026-06-01,VHT,294.2330622953173
2026-06-02,VHT,294.29748592639964
2026-06-03,VHT,294.361909557482
2026-06-04,VHT,294.4263331885644
2026-06-05,VHT,294.4907568196468
2026-06-08,VHT,294.55518045072915
2026-06-09,VHT,294.61960408181153
2026-06-10,VHT,294.6840277128939
2026-06-11,VHT,294.7484513439763
2026-06-12,VHT,294.8128749750586
2026-06-15,VHT,294.877298606141
2026-06-16,VHT,294.94172223722336
2026-06-17,VHT,295.00614586830574
2026-06-18,VHT,295.0705694993881
2026-06-19,VHT,295.1349931304705
2026-06-22,VHT,295.19941676155287
2026-06-23,VHT,295.26384039263525
2026-06-24,VHT,295.32826402371757
2026-06-25,VHT,295.39268765479994
2026-06-26,VHT,295.4571112858823
2026-06-29,VHT,295.5215349169647
2026-06-30,VHT,295.5859585480471
2026-07-01,VHT,295.65038217912945
2026-07-02,VHT,295.71480581021183
2026-07-03,VHT,295.7792294412942
2026-07-06,VHT,295.8436530723765
2026-07-07,VHT,295.9080767034589
2026-07-08,VHT,295.9725003345413
2026-07-09,VHT,296.03692396562366
2026-03-06,VIS,339.410685767234
2026-03-09,VIS,339.4897447324352
2026-03-10,VIS,339.5708831824521
2026-03-11,VIS,339.6515336071748
2026-03-12,VIS,339.73228585049094
2026-03-13,VIS,339.8130175913068
2026-03-16,VIS,339.8937532174638
2026-03-17,VIS,339.9744881221436
2026-03-18,VIS,340.05522315988645
2026-03-19,VIS,340.13595817315667
2026-03-20,VIS,340.2166931909262
2026-03-23,VIS,340.2974282078682
2026-03-24,VIS,340.3781632249625
2026-03-25,VIS,340.4588982420288
2026-03-26,VIS,340.53963325910024
2026-03-27,VIS,340.62036827617067
2026-03-30,VIS,340.7011032932413
2026-03-31,VIS,340.78183831031197
2026-04-01,VIS,340.86257332738256
2026-04-02,VIS,340.9433083444532
2026-04-03,VIS,341.0240433615238
2026-04-06,VIS,341.1047783785944
2026-04-07,VIS,341.18551339566505
2026-04-08,VIS,341.26624841273565
2026-04-09,VIS,341.3469834298063
2026-04-10,VIS,341.4277184468769
2026-04-13,VIS,341.50845346394755
2026-04-14,VIS,341.58918848101814
2026-04-15,VIS,341.6699234980888
2026-04-16,VIS,341.7506585151594
2026-04-17,VIS,341.83139353223
2026-04-20,VIS,341.91212854930063
2026-04-21,VIS,341.9928635663712
2026-04-22,VIS,342.0735985834419
2026-04-23,VIS,342.1543336005125
2026-04-24,VIS,342.2350686175831
2026-04-27,VIS,342.3158036346537
2026-04-28,VIS,342.39653865172437
2026-04-29,VIS,342.47727366879496
2026-04-30,VIS,342.55800868586556
2026-05-01,VIS,342.6387437029362
2026-05-04,VIS,342.7194787200068
2026-05-05,VIS,342.80021373707746
2026-05-06,VIS,342.88094875414805
2026-05-07,VIS,342.9616837712187
2026-05-08,VIS,343.0424187882893
2026-05-11,VIS,343.12315380535995
2026-05-12,VIS,343.20388882243054
2026-05-13,VIS,343.28462383950114
2026-05-14,VIS,343.3653588565718
2026-05-15,VIS,343.4460938736424
2026-05-18,VIS,343.52682889071303
2026-05-19,VIS,343.60756390778363
2026-05-20,VIS,343.6882989248543
2026-05-21,VIS,343.7690339419249
2026-05-22,VIS,343.8497689589955
2026-05-25,VIS,343.9305039760661
2026-05-26,VIS,344.0112389931367
2026-05-27,VIS,344.09197401020737
2026-05-28,VIS,344.17270902727796
2026-05-29,VIS,344.2534440443486
2026-06-01,VIS,344.3341790614192
2026-06-02,VIS,344.41491407848986
2026-06-03,VIS,344.49564909556045
2026-06-04,VIS,344.57638411263105
2026-06-05,VIS,344.6571191297017
2026-06-08,VIS,344.7378541467723
2026-06-09,VIS,344.81858916384294
2026-06-10,VIS,344.89932418091354
2026-06-11,VIS,344.9800591979842
2026-06-12,VIS,345.0607942150548
2026-06-15,VIS,345.14152923212544
2026-06-16,VIS,345.22226424919603
2026-06-17,VIS,345.3029992662666
2026-06-18,VIS,345.3837342833373
2026-06-19,VIS,345.46446930040787
2026-06-22,VIS,345.5452043174785
2026-06-23,VIS,345.6259393345491
2026-06-24,VIS,345.70667435161977
2026-06-25,VIS,345.78740936869036
2026-06-26,VIS,345.86814438576096
2026-06-29,VIS,345.9488794028316
2026-06-30,VIS,346.0296144199022
2026-07-01,VIS,346.11034943697285
2026-07-02,VIS,346.19108445404345
2026-07-03,VIS,346.2718194711141
2026-07-06,VIS,346.3525544881847
2026-07-07,VIS,346.43328950525535
2026-07-08,VIS,346.51402452232594
2026-07-09,VIS,346.59475953939653
2026-03-06,VGT,733.3435542809931
2026-03-09,VGT,733.5471766592362
2026-03-10,VGT,733.7539945618153
2026-03-11,VGT,733.9595874483542
2026-03-12,VGT,734.1654758769031
2026-03-13,VGT,734.3713025807956
2026-03-16,VGT,734.5771411988021
2026-03-17,VGT,734.7829775950868
2026-03-18,VGT,734.9888143998983
2026-03-19,VGT,735.1946511298244
2026-03-20,VGT,735.4004878734852
2026-03-23,VGT,735.6063246146235
2026-03-24,VGT,735.8121613562256
2026-03-25,VGT,736.0179980977424
2026-03-26,VGT,736.2238348392749
2026-03-27,VGT,736.4296715808046
2026-03-30,VGT,736.6355083223347
2026-03-31,VGT,736.8413450638647
2026-04-01,VGT,737.0471818053948
2026-04-02,VGT,737.2530185469247
2026-04-03,VGT,737.4588552884549
2026-04-06,VGT,737.6646920299848
2026-04-07,VGT,737.870528771515
2026-04-08,VGT,738.076365513045
2026-04-09,VGT,738.282202254575
2026-04-10,VGT,738.488038996105
2026-04-13,VGT,738.6938757376352
2026-04-14,VGT,738.8997124791651
2026-04-15,VGT,739.1055492206953
2026-04-16,VGT,739.3113859622252
2026-04-17,VGT,739.5172227037554
2026-04-20,VGT,739.7230594452853
2026-04-21,VGT,739.9288961868155
2026-04-22,VGT,740.1347329283454
2026-04-23,VGT,740.3405696698755
2026-04-24,VGT,740.5464064114055
2026-04-27,VGT,740.7522431529356
2026-04-28,VGT,740.9580798944656
2026-04-29,VGT,741.1639166359957
2026-04-30,VGT,741.3697533775257
2026-05-01,VGT,741.5755901190558
2026-05-04,VGT,741.7814268605858
2026-05-05,VGT,741.987263602116
2026-05-06,VGT,742.1931003436459
2026-05-07,VGT,742.398937085176
2026-05-08,VGT,742.604773826706
2026-05-11,VGT,742.8106105682361
2026-05-12,VGT,743.0164473097661
2026-05-13,VGT,743.2222840512962
2026-05-14,VGT,743.4281207928262
2026-05-15,VGT,743.6339575343563
2026-05-18,VGT,743.8397942758863
2026-05-19,VGT,744.0456310174164
2026-05-20,VGT,744.2514677589464
2026-05-21,VGT,744.4573045004765
2026-05-22,VGT,744.6631412420065
2026-05-25,VGT,744.8689779835366
2026-05-26,VGT,745.0748147250666
2026-05-27,VGT,745.2806514665967
2026-05-28,VGT,745.4864882081267
2026-05-29,VGT,745.6923249496568
2026-06-01,VGT,745.8981616911868
2026-06-02,VGT,746.1039984327169
2026-06-03,VGT,746.3098351742469
2026-06-04,VGT,746.515671915777
2026-06-05,VGT,746.721508657307
2026-06-08,VGT,746.9273453988371
2026-06-09,VGT,747.1331821403671
2026-06-10,VGT,747.3390188818972
2026-06-11,VGT,747.5448556234272
2026-06-12,VGT,747.7506923649573
2026-06-15,VGT,747.9565291064873
2026-06-16,VGT,748.1623658480174
2026-06-17,VGT,748.3682025895474
2026-06-18,VGT,748.5740393310775
2026-06-19,VGT,748.7798760726075
2026-06-22,VGT,748.9857128141376
2026-06-23,VGT,749.1915495556676
2026-06-24,VGT,749.3973862971977
2026-06-25,VGT,749.6032230387277
2026-06-26,VGT,749.8090597802578
2026-06-29,VGT,750.0148965217878
2026-06-30,VGT,750.2207332633179
2026-07-01,VGT,750.4265700048479
2026-07-02,VGT,750.632406746378
2026-07-03,VGT,750.838243487908
2026-07-06,VGT,751.0440802294381
2026-07-07,VGT,751.2499169709681
2026-07-08,VGT,751.4557537124982
2026-07-09,VGT,751.6615904540282
2026-03-06,VAW,236.59746119476554
2026-03-09,VAW,236.64410134427825
2026-03-10,VAW,236.69251303078548
2026-03-11,VAW,236.7406485402697
2026-03-12,VAW,236.7888535977719
2026-03-13,VAW,236.83704421714384
2026-03-16,VAW,236.8852375488105
2026-03-17,VAW,236.93343037647873
2026-03-18,VAW,236.98162329574873
2026-03-19,VAW,237.02981619841444
2026-03-20,VAW,237.0780091040936
2026-03-23,VAW,237.12620200922498
2026-03-24,VAW,237.17439491445614
2026-03-25,VAW,237.22258781966912
2026-03-26,VAW,237.27078072488538
2026-03-27,VAW,237.31897363010106
2026-03-30,VAW,237.36716653531684
2026-03-31,VAW,237.4153594405326
2026-04-01,VAW,237.46355234574838
2026-04-02,VAW,237.51174525096414
2026-04-03,VAW,237.5599381561799
2026-04-06,VAW,237.60813106139568
2026-04-07,VAW,237.65632396661144
2026-04-08,VAW,237.70451687182722
2026-04-09,VAW,237.75270977704298
2026-04-10,VAW,237.80090268225874
2026-04-13,VAW,237.84909558747452
2026-04-14,VAW,237.89728849269028
2026-04-15,VAW,237.94548139790604
2026-04-16,VAW,237.99367430312182
2026-04-17,VAW,238.04186720833758
2026-04-20,VAW,238.09006011355333
2026-04-21,VAW,238.13825301876912
2026-04-22,VAW,238.18644592398488
2026-04-23,VAW,238.23463882920063
2026-04-24,VAW,238.28283173441642
2026-04-27,VAW,238.33102463963218
2026-04-28,VAW,238.37921754484796
2026-04-29,VAW,238.42741045006372
2026-04-30,VAW,238.47560335527947
2026-05-01,VAW,238.52379626049526
2026-05-04,VAW,238.57198916571102
2026-05-05,VAW,238.62018207092677
2026-05-06,VAW,238.66837497614256
2026-05-07,VAW,238.71656788135832
2026-05-08,VAW,238.76476078657407
2026-05-11,VAW,238.81295369178986
2026-05-12,VAW,238.86114659700561
2026-05-13,VAW,238.9093395022214
2026-05-14,VAW,238.95753240743716
2026-05-15,VAW,239.0057253126529
2026-05-18,VAW,239.0539182178687
2026-05-19,VAW,239.10211112308446
2026-05-20,VAW,239.1503040283002
2026-05-21,VAW,239.198496933516
2026-05-22,VAW,239.24668983873175
2026-05-25,VAW,239.2948827439475
2026-05-26,VAW,239.3430756491633
2026-05-27,VAW,239.39126855437905
2026-05-28,VAW,239.4394614595948
2026-05-29,VAW,239.4876543648106
2026-06-01,VAW,239.53584727002635
2026-06-02,VAW,239.58404017524214
2026-06-03,VAW,239.6322330804579
2026-06-04,VAW,239.68042598567365
2026-06-05,VAW,239.72861889088944
2026-06-08,VAW,239.7768117961052
2026-06-09,VAW,239.82500470132095
2026-06-10,VAW,239.87319760653673
2026-06-11,VAW,239.9213905117525
2026-06-12,VAW,239.96958341696825
2026-06-15,VAW,240.01777632218403
2026-06-16,VAW,240.0659692273998
2026-06-17,VAW,240.11416213261555
2026-06-18,VAW,240.16235503783133
2026-06-19,VAW,240.2105479430471
2026-06-22,VAW,240.25874084826287
2026-06-23,VAW,240.30693375347863
2026-06-24,VAW,240.3551266586944
2026-06-25,VAW,240.40331956391017
2026-06-26,VAW,240.45151246912593
2026-06-29,VAW,240.4997053743417
2026-06-30,VAW,240.54789827955747
2026-07-01,VAW,240.59609118477323
2026-07-02,VAW,240.644284089989
2026-07-03,VAW,240.69247699520477
2026-07-06,VAW,240.74066990042053
2026-07-07,VAW,240.7888628056363
2026-07-08,VAW,240.83705571085207
2026-07-09,VAW,240.88524861606783
2026-03-06,VNQ,95.55699154570796
2026-03-09,VNQ,95.57418164572441
2026-03-10,VNQ,95.59179503711186
2026-03-11,VNQ,95.60920064189905
2026-03-12,VNQ,95.62666208494912
2026-03-13,VNQ,95.64411144340704
2026-03-16,VNQ,95.66156317120091
2026-03-17,VNQ,95.67901445776522
2026-03-18,VNQ,95.69646582448435
2026-03-19,VNQ,95.71391717679467
2026-03-20,VNQ,95.7313685316868
2026-03-23,VNQ,95.74881988611634
2026-03-24,VNQ,95.76627124062884
2026-03-25,VNQ,95.78372259512645
2026-03-26,VNQ,95.80117394962673
2026-03-27,VNQ,95.81862530412653
2026-03-30,VNQ,95.83607665862642
2026-03-31,VNQ,95.8535280131263
2026-04-01,VNQ,95.87097936762618
2026-04-02,VNQ,95.88843072212605
2026-04-03,VNQ,95.90588207662593
2026-04-06,VNQ,95.9233334311258
2026-04-07,VNQ,95.94078478562568
2026-04-08,VNQ,95.95823614012555
2026-04-09,VNQ,95.97568749462543
2026-04-10,VNQ,95.9931388491253
2026-04-13,VNQ,96.01059020362518
2026-04-14,VNQ,96.02804155812507
2026-04-15,VNQ,96.04549291262494
2026-04-16,VNQ,96.06294426712482
2026-04-17,VNQ,96.08039562162469
2026-04-20,VNQ,96.09784697612457
2026-04-21,VNQ,96.11529833062444
2026-04-22,VNQ,96.13274968512432
2026-04-23,VNQ,96.15020103962419
2026-04-24,VNQ,96.16765239412408
2026-04-27,VNQ,96.18510374862394
2026-04-28,VNQ,96.20255510312383
2026-04-29,VNQ,96.2200064576237
2026-04-30,VNQ,96.23745781212358
2026-05-01,VNQ,96.25490916662345
2026-05-04,VNQ,96.27236052112333
2026-05-05,VNQ,96.2898118756232
2026-05-06,VNQ,96.30726323012308
2026-05-07,VNQ,96.32471458462295
2026-05-08,VNQ,96.34216593912284
2026-05-11,VNQ,96.3596172936227
2026-05-12,VNQ,96.37706864812259
2026-05-13,VNQ,96.39452000262247
2026-05-14,VNQ,96.41197135712234
2026-05-15,VNQ,96.42942271162222
2026-05-18,VNQ,96.44687406612209
2026-05-19,VNQ,96.46432542062198
2026-05-20,VNQ,96.48177677512184
2026-05-21,VNQ,96.49922812962173
2026-05-22,VNQ,96.5166794841216
2026-05-25,VNQ,96.53413083862148
2026-05-26,VNQ,96.55158219312135
2026-05-27,VNQ,96.56903354762123
2026-05-28,VNQ,96.5864849021211
2026-05-29,VNQ,96.60393625662098
2026-06-01,VNQ,96.62138761112085
2026-06-02,VNQ,96.63883896562074
2026-06-03,VNQ,96.6562903201206
2026-06-04,VNQ,96.67374167462049
2026-06-05,VNQ,96.69119302912037
2026-06-08,VNQ,96.70864438362024
2026-06-09,VNQ,96.72609573812012
2026-06-10,VNQ,96.74354709261999
2026-06-11,VNQ,96.76099844711987
2026-06-12,VNQ,96.77844980161974
2026-06-15,VNQ,96.79590115611963
2026-06-16,VNQ,96.8133525106195
2026-06-17,VNQ,96.83080386511938
2026-06-18,VNQ,96.84825521961925
2026-06-19,VNQ,96.86570657411913
2026-06-22,VNQ,96.883157928619
2026-06-23,VNQ,96.90060928311888
2026-06-24,VNQ,96.91806063761875
2026-06-25,VNQ,96.93551199211863
2026-06-26,VNQ,96.9529633466185
2026-06-29,VNQ,96.97041470111839
2026-06-30,VNQ,96.98786605561827
2026-07-01,VNQ,97.00531741011814
2026-07-02,VNQ,97.02276876461802
2026-07-03,VNQ,97.04022011911789
2026-07-06,VNQ,97.05767147361777
2026-07-07,VNQ,97.07512282811764
2026-07-08,VNQ,97.09257418261753
2026-07-09,VNQ,97.1100255371174
2026-03-06,VPU,204.17484017713642
2026-03-09,VPU,204.22086586485935
2026-03-10,VPU,204.26766494096768
2026-03-11,VPU,204.31409199494104
2026-03-12,VPU,204.3606243950023
2026-03-13,VPU,204.40713314864766
2026-03-16,VPU,204.45364662583685
2026-03-17,VPU,204.5001592108759
2026-03-18,VPU,204.54667196010692
2026-03-19,VPU,204.59318467940403
2026-03-20,VPU,204.63969740415297
2026-03-23,VPU,204.68621012790678
2026-03-24,VPU,204.7327228518427
2026-03-25,VPU,204.77923557574522
2026-03-26,VPU,204.8257482996539
2026-03-27,VPU,204.87226102356144
2026-03-30,VPU,204.91877374746917
2026-03-31,VPU,204.96528647137688
2026-04-01,VPU,205.0117991952846
2026-04-02,VPU,205.0583119191923
2026-04-03,VPU,205.10482464310002
2026-04-06,VPU,205.15133736700773
2026-04-07,VPU,205.19785009091544
2026-04-08,VPU,205.24436281482315
2026-04-09,VPU,205.29087553873083
2026-04-10,VPU,205.33738826263854
2026-04-13,VPU,205.38390098654625
2026-04-14,VPU,205.43041371045396
2026-04-15,VPU,205.47692643436167
2026-04-16,VPU,205.52343915826938
2026-04-17,VPU,205.5699518821771
2026-04-20,VPU,205.6164646060848
2026-04-21,VPU,205.66297732999251
2026-04-22,VPU,205.70949005390023
2026-04-23,VPU,205.75600277780794
2026-04-24,VPU,205.80251550171565
2026-04-27,VPU,205.84902822562336
2026-04-28,VPU,205.89554094953107
2026-04-29,VPU,205.94205367343878
2026-04-30,VPU,205.9885663973465
2026-05-01,VPU,206.0350791212542
2026-05-04,VPU,206.0815918451619
2026-05-05,VPU,206.12810456906962
2026-05-06,VPU,206.17461729297733
2026-05-07,VPU,206.22113001688504
2026-05-08,VPU,206.26764274079275
2026-05-11,VPU,206.31415546470046
2026-05-12,VPU,206.36066818860817
2026-05-13,VPU,206.40718091251588
2026-05-14,VPU,206.4536936364236
2026-05-15,VPU,206.5002063603313
2026-05-18,VPU,206.54671908423902
2026-05-19,VPU,206.59323180814673
2026-05-20,VPU,206.63974453205444
2026-05-21,VPU,206.68625725596215
2026-05-22,VPU,206.73276997986986
2026-05-25,VPU,206.77928270377757
2026-05-26,VPU,206.82579542768528
2026-05-27,VPU,206.872308151593
2026-05-28,VPU,206.9188208755007
2026-05-29,VPU,206.9653335994084
2026-06-01,VPU,207.01184632331612
2026-06-02,VPU,207.05835904722383
2026-06-03,VPU,207.10487177113154
2026-06-04,VPU,207.15138449503925
2026-06-05,VPU,207.19789721894696
2026-06-08,VPU,207.24440994285467
2026-06-09,VPU,207.29092266676238
2026-06-10,VPU,207.3374353906701
2026-06-11,VPU,207.3839481145778
2026-06-12,VPU,207.43046083848552
2026-06-15,VPU,207.47697356239323
2026-06-16,VPU,207.52348628630094
2026-06-17,VPU,207.56999901020865
2026-06-18,VPU,207.61651173411636
2026-06-19,VPU,207.66302445802407
2026-06-22,VPU,207.70953718193178
2026-06-23,VPU,207.75604990583946
2026-06-24,VPU,207.80256262974717
2026-06-25,VPU,207.84907535365488
2026-06-26,VPU,207.8955880775626
2026-06-29,VPU,207.9421008014703
2026-06-30,VPU,207.988613525378
2026-07-01,VPU,208.03512624928572
2026-07-02,VPU,208.08163897319344
2026-07-03,VPU,208.12815169710115
2026-07-06,VPU,208.17466442100886
2026-07-07,VPU,208.22117714491657
2026-07-08,VPU,208.26768986882428
2026-07-09,VPU,208.314202592732
2026-03-06,QQQ,610.925154267449
2026-03-09,QQQ,611.0909467320303
2026-03-10,QQQ,611.2591348923781
2026-03-11,QQQ,611.4263784886189
2026-03-12,QQQ,611.5938542538796
2026-03-13,QQQ,611.7612816611987
2026-03-16,QQQ,611.9287182707892
2026-03-17,QQQ,612.0961531916888
2026-03-18,QQQ,612.2635884188657
2026-03-19,QQQ,612.4310235905112
2026-03-20,QQQ,612.5984587722494
2026-03-23,QQQ,612.7658939521494
2026-03-24,QQQ,612.9333291323845
2026-03-25,QQQ,613.1007643125586
2026-03-26,QQQ,613.2681994927437
2026-03-27,QQQ,613.435634672927
2026-03-30,QQQ,613.6030698531105
2026-03-31,QQQ,613.770505033294
2026-04-01,QQQ,613.9379402134774
2026-04-02,QQQ,614.1053753936609
2026-04-03,QQQ,614.2728105738444
2026-04-06,QQQ,614.4402457540278
2026-04-07,QQQ,614.6076809342113
2026-04-08,QQQ,614.7751161143948
2026-04-09,QQQ,614.9425512945783
2026-04-10,QQQ,615.1099864747617
2026-04-13,QQQ,615.2774216549452
2026-04-14,QQQ,615.4448568351287
2026-04-15,QQQ,615.6122920153122
2026-04-16,QQQ,615.7797271954956
2026-04-17,QQQ,615.9471623756791
2026-04-20,QQQ,616.1145975558625
2026-04-21,QQQ,616.282032736046
2026-04-22,QQQ,616.4494679162294
2026-04-23,QQQ,616.6169030964129
2026-04-24,QQQ,616.7843382765964
2026-04-27,QQQ,616.9517734567798
2026-04-28,QQQ,617.1192086369633
2026-04-29,QQQ,617.2866438171468
2026-04-30,QQQ,617.4540789973303
2026-05-01,QQQ,617.6215141775137
2026-05-04,QQQ,617.7889493576972
2026-05-05,QQQ,617.9563845378807
2026-05-06,QQQ,618.1238197180642
2026-05-07,QQQ,618.2912548982476
2026-05-08,QQQ,618.4586900784311
2026-05-11,QQQ,618.6261252586146
2026-05-12,QQQ,618.7935604387981
2026-05-13,QQQ,618.9609956189815
2026-05-14,QQQ,619.128430799165
2026-05-15,QQQ,619.2958659793485
2026-05-18,QQQ,619.463301159532
2026-05-19,QQQ,619.6307363397154
2026-05-20,QQQ,619.7981715198989
2026-05-21,QQQ,619.9656067000824
2026-05-22,QQQ,620.1330418802659
2026-05-25,QQQ,620.3004770604493
2026-05-26,QQQ,620.4679122406328
2026-05-27,QQQ,620.6353474208163
2026-05-28,QQQ,620.8027826009998
2026-05-29,QQQ,620.9702177811832
2026-06-01,QQQ,621.1376529613667
2026-06-02,QQQ,621.3050881415502
2026-06-03,QQQ,621.4725233217335
2026-06-04,QQQ,621.639958501917
2026-06-05,QQQ,621.8073936821005
2026-06-08,QQQ,621.974828862284
2026-06-09,QQQ,622.1422640424674
2026-06-10,QQQ,622.3096992226509
2026-06-11,QQQ,622.4771344028344
2026-06-12,QQQ,622.6445695830179
2026-06-15,QQQ,622.8120047632013
2026-06-16,QQQ,622.9794399433848
2026-06-17,QQQ,623.1468751235683
2026-06-18,QQQ,623.3143103037518
2026-06-19,QQQ,623.4817454839352
2026-06-22,QQQ,623.6491806641187
2026-06-23,QQQ,623.8166158443022
2026-06-24,QQQ,623.9840510244857
2026-06-25,QQQ,624.1514862046691
2026-06-26,QQQ,624.3189213848526
2026-06-29,QQQ,624.4863565650361
2026-06-30,QQQ,624.6537917452196
2026-07-01,QQQ,624.821226925403
2026-07-02,QQQ,624.9886621055865
2026-07-03,QQQ,625.15609728577
2026-07-06,QQQ,625.3235324659535
2026-07-07,QQQ,625.4909676461369
2026-07-08,QQQ,625.6584028263204
2026-07-09,QQQ,625.8258380065039
2026-03-06,VOO,630.3343027859962
2026-03-09,VOO,630.4878634127115
2026-03-10,VOO,630.6440199284768
2026-03-11,VOO,630.7992865511715
2026-03-12,VOO,630.9547642063283
2026-03-13,VOO,631.1101994129566
2026-03-16,VOO,631.265642543399
2026-03-17,VOO,631.4210842385954
2026-03-18,VOO,631.5765261915949
2026-03-19,VOO,631.7319680982896
2026-03-20,VOO,631.8874100133168
2026-03-23,VOO,632.0428519268422
2026-03-24,VOO,632.1982938406385
2026-03-25,VOO,632.353735754386
2026-03-26,VOO,632.5091776681422
2026-03-27,VOO,632.6646195818969
2026-03-30,VOO,632.8200614956519
2026-03-31,VOO,632.9755034094068
2026-04-01,VOO,633.1309453231618
2026-04-02,VOO,633.2863872369167
2026-04-03,VOO,633.4418291506715
2026-04-06,VOO,633.5972710644265
2026-04-07,VOO,633.7527129781814
2026-04-08,VOO,633.9081548919364
2026-04-09,VOO,634.0635968056913
2026-04-10,VOO,634.2190387194462
2026-04-13,VOO,634.3744806332012
2026-04-14,VOO,634.5299225469561
2026-04-15,VOO,634.685364460711
2026-04-16,VOO,634.840806374466
2026-04-17,VOO,634.9962482882208
2026-04-20,VOO,635.1516902019757
2026-04-21,VOO,635.3071321157307
2026-04-22,VOO,635.4625740294856
2026-04-23,VOO,635.6180159432405
2026-04-24,VOO,635.7734578569955
2026-04-27,VOO,635.9288997707504
2026-04-28,VOO,636.0843416845053
2026-04-29,VOO,636.2397835982603
2026-04-30,VOO,636.3952255120151
2026-05-01,VOO,636.55066742577
2026-05-04,VOO,636.706109339525
2026-05-05,VOO,636.8615512532799
2026-05-06,VOO,637.0169931670348
2026-05-07,VOO,637.1724350807898
2026-05-08,VOO,637.3278769945447
2026-05-11,VOO,637.4833189082996
2026-05-12,VOO,637.6387608220546
2026-05-13,VOO,637.7942027358094
2026-05-14,VOO,637.9496446495643
2026-05-15,VOO,638.1050865633193
2026-05-18,VOO,638.2605284770742
2026-05-19,VOO,638.4159703908291
2026-05-20,VOO,638.5714123045841
2026-05-21,VOO,638.726854218339
2026-05-22,VOO,638.8822961320939
2026-05-25,VOO,639.0377380458489
2026-05-26,VOO,639.1931799596038
2026-05-27,VOO,639.3486218733586
2026-05-28,VOO,639.5040637871136
2026-05-29,VOO,639.6595057008685
2026-06-01,VOO,639.8149476146234
2026-06-02,VOO,639.9703895283784
2026-06-03,VOO,640.1258314421333
2026-06-04,VOO,640.2812733558882
2026-06-05,VOO,640.4367152696432
2026-06-08,VOO,640.5921571833981
2026-06-09,VOO,640.7475990971529
2026-06-10,VOO,640.9030410109079
2026-06-11,VOO,641.0584829246628
2026-06-12,VOO,641.2139248384177
2026-06-15,VOO,641.3693667521727
2026-06-16,VOO,641.5248086659276
2026-06-17,VOO,641.6802505796825
2026-06-18,VOO,641.8356924934375
2026-06-19,VOO,641.9911344071924
2026-06-22,VOO,642.1465763209474
2026-06-23,VOO,642.3020182347022
2026-06-24,VOO,642.4574601484571
2026-06-25,VOO,642.6129020622121
2026-06-26,VOO,642.768343975967
2026-06-29,VOO,642.9237858897219
2026-06-30,VOO,643.0792278034769
2026-07-01,VOO,643.2346697172318
2026-07-02,VOO,643.3901116309867
2026-07-03,VOO,643.5455535447417
2026-07-06,VOO,643.7009954584965
2026-07-07,VOO,643.8564373722514
2026-07-08,VOO,644.0118792860064
2026-07-09,VOO,644.1673211997613
2026-03-06,VTV,205.03434166505906
2026-03-09,VTV,205.08050749040459
2026-03-10,VTV,205.12769421615172
2026-03-11,VTV,205.1745741536424
2026-03-12,VTV,205.22152953444495
2026-03-13,VTV,205.26846938113238
2026-03-16,VTV,205.31541220259183
2026-03-17,VTV,205.36235447166763
2026-03-18,VTV,205.40929684239123
2026-03-19,VTV,205.45623919442215
2026-03-20,VTV,205.50318154989674
2026-03-23,VTV,205.55012390473584
2026-03-24,VTV,205.59706625969233
2026-03-25,VTV,205.6440086146271
2026-03-26,VTV,205.6909509695659
2026-03-27,VTV,205.73789332450397
2026-03-30,VTV,205.78483567944218
2026-03-31,VTV,205.83177803438033
2026-04-01,VTV,205.87872038931852
2026-04-02,VTV,205.9256627442567
2026-04-03,VTV,205.97260509919488
2026-04-06,VTV,206.01954745413306
2026-04-07,VTV,206.06648980907121
2026-04-08,VTV,206.1134321640094
2026-04-09,VTV,206.16037451894758
2026-04-10,VTV,206.20731687388576
2026-04-13,VTV,206.25425922882394
2026-04-14,VTV,206.30120158376212
2026-04-15,VTV,206.34814393870028
2026-04-16,VTV,206.39508629363846
2026-04-17,VTV,206.44202864857664
2026-04-20,VTV,206.48897100351482
2026-04-21,VTV,206.535913358453
2026-04-22,VTV,206.58285571339118
2026-04-23,VTV,206.62979806832934
2026-04-24,VTV,206.67674042326752
2026-04-27,VTV,206.7236827782057
2026-04-28,VTV,206.77062513314388
2026-04-29,VTV,206.81756748808206
2026-04-30,VTV,206.86450984302024
2026-05-01,VTV,206.9114521979584
2026-05-04,VTV,206.95839455289658
2026-05-05,VTV,207.00533690783476
2026-05-06,VTV,207.05227926277294
2026-05-07,VTV,207.09922161771112
2026-05-08,VTV,207.14616397264928
2026-05-11,VTV,207.19310632758746
2026-05-12,VTV,207.24004868252564
2026-05-13,VTV,207.28699103746382
2026-05-14,VTV,207.333933392402
2026-05-15,VTV,207.38087574734018
2026-05-18,VTV,207.42781810227834
2026-05-19,VTV,207.47476045721652
2026-05-20,VTV,207.5217028121547
2026-05-21,VTV,207.56864516709288
2026-05-22,VTV,207.61558752203106
2026-05-25,VTV,207.66252987696924
2026-05-26,VTV,207.7094722319074
2026-05-27,VTV,207.75641458684558
2026-05-28,VTV,207.80335694178376
2026-05-29,VTV,207.85029929672194
2026-06-01,VTV,207.89724165166012
2026-06-02,VTV,207.9441840065983
2026-06-03,VTV,207.99112636153646
2026-06-04,VTV,208.03806871647464
2026-06-05,VTV,208.08501107141282
2026-06-08,VTV,208.131953426351
2026-06-09,VTV,208.17889578128919
2026-06-10,VTV,208.22583813622737
2026-06-11,VTV,208.27278049116552
2026-06-12,VTV,208.3197228461037
2026-06-15,VTV,208.36666520104188
2026-06-16,VTV,208.41360755598006
2026-06-17,VTV,208.46054991091825
2026-06-18,VTV,208.50749226585643
2026-06-19,VTV,208.55443462079458
2026-06-22,VTV,208.60137697573276
2026-06-23,VTV,208.64831933067094
2026-06-24,VTV,208.69526168560913
2026-06-25,VTV,208.7422040405473
2026-06-26,VTV,208.78914639548546
2026-06-29,VTV,208.83608875042364
2026-06-30,VTV,208.88303110536182
2026-07-01,VTV,208.9299734603
2026-07-02,VTV,208.9769158152382
2026-07-03,VTV,209.02385817017637
2026-07-06,VTV,209.07080052511452
2026-07-07,VTV,209.1177428800527
2026-07-08,VTV,209.16468523499088
2026-07-09,VTV,209.21162758992907
2026-03-06,VIGAX,238.9637539930792
2026-03-09,VIGAX,239.02479212204855
2026-03-10,VIGAX,239.08696559631227
2026-03-11,VIGAX,239.14873891455463
2026-03-12,VIGAX,239.2106075448512
2026-03-13,VIGAX,239.27245652538107
2026-03-16,VIGAX,239.33430926713365
2026-03-17,VIGAX,239.39616131178704
2026-03-18,VIGAX,239.4580134842184
2026-03-19,VIGAX,239.51986563326395
2026-03-20,VIGAX,239.58171778659514
2026-03-23,VIGAX,239.64356993913978
2026-03-24,VIGAX,239.70542209182892
2026-03-25,VIGAX,239.76727424449152
2026-03-26,VIGAX,239.82912639715897
2026-03-27,VIGAX,239.89097854982555
2026-03-30,VIGAX,239.9528307024923
2026-03-31,VIGAX,240.01468285515898
2026-04-01,VIGAX,240.0765350078257
2026-04-02,VIGAX,240.1383871604924
2026-04-03,VIGAX,240.2002393131591
2026-04-06,VIGAX,240.26209146582582
2026-04-07,VIGAX,240.32394361849254
2026-04-08,VIGAX,240.38579577115922
2026-04-09,VIGAX,240.44764792382594
2026-04-10,VIGAX,240.50950007649266
2026-04-13,VIGAX,240.57135222915937
2026-04-14,VIGAX,240.63320438182606
2026-04-15,VIGAX,240.69505653449278
2026-04-16,VIGAX,240.7569086871595
2026-04-17,VIGAX,240.81876083982618
2026-04-20,VIGAX,240.8806129924929
2026-04-21,VIGAX,240.94246514515962
2026-04-22,VIGAX,241.0043172978263
2026-04-23,VIGAX,241.06616945049302
2026-04-24,VIGAX,241.12802160315974
2026-04-27,VIGAX,241.18987375582645
2026-04-28,VIGAX,241.25172590849314
2026-04-29,VIGAX,241.31357806115986
2026-04-30,VIGAX,241.37543021382658
2026-05-01,VIGAX,241.43728236649326
2026-05-04,VIGAX,241.49913451915998
2026-05-05,VIGAX,241.5609866718267
2026-05-06,VIGAX,241.62283882449339
2026-05-07,VIGAX,241.6846909771601
2026-05-08,VIGAX,241.74654312982682
2026-05-11,VIGAX,241.80839528249354
2026-05-12,VIGAX,241.87024743516022
2026-05-13,VIGAX,241.93209958782694
2026-05-14,VIGAX,241.99395174049366
2026-05-15,VIGAX,242.05580389316034
2026-05-18,VIGAX,242.11765604582706
2026-05-19,VIGAX,242.17950819849378
2026-05-20,VIGAX,242.24136035116047
2026-05-21,VIGAX,242.30321250382718
2026-05-22,VIGAX,242.3650646564939
2026-05-25,VIGAX,242.42691680916062
2026-05-26,VIGAX,242.4887689618273
2026-05-27,VIGAX,242.55062111449402
2026-05-28,VIGAX,242.61247326716074
2026-05-29,VIGAX,242.67432541982743
2026-06-01,VIGAX,242.73617757249414
2026-06-02,VIGAX,242.79802972516086
2026-06-03,VIGAX,242.85988187782758
2026-06-04,VIGAX,242.92173403049426
2026-06-05,VIGAX,242.98358618316098
2026-06-08,VIGAX,243.0454383358277
2026-06-09,VIGAX,243.10729048849439
2026-06-10,VIGAX,243.1691426411611
2026-06-11,VIGAX,243.23099479382782
2026-06-12,VIGAX,243.2928469464945
2026-06-15,VIGAX,243.35469909916122
2026-06-16,VIGAX,243.41655125182794
2026-06-17,VIGAX,243.47840340449463
2026-06-18,VIGAX,243.54025555716134
2026-06-19,VIGAX,243.60210770982806
2026-06-22,VIGAX,243.66395986249475
2026-06-23,VIGAX,243.72581201516147
2026-06-24,VIGAX,243.78766416782818
2026-06-25,VIGAX,243.8495163204949
2026-06-26,VIGAX,243.9113684731616
2026-06-29,VIGAX,243.9732206258283
2026-06-30,VIGAX,244.03507277849502
2026-07-01,VIGAX,244.0969249311617
2026-07-02,VIGAX,244.15877708382843
2026-07-03,VIGAX,244.22062923649514
2026-07-06,VIGAX,244.28248138916183
2026-07-07,VIGAX,244.34433354182855
2026-07-08,VIGAX,244.40618569449526
2026-07-09,VIGAX,244.46803784716195
2026-03-06,VO,303.142862076534
2026-03-09,VO,303.2076230222249
2026-03-10,VO,303.274942742449
2026-03-11,VO,303.34171794114644
2026-03-12,VO,303.4086008979953
2026-03-13,VO,303.47546252903754
2026-03-16,VO,303.5423281025741
2026-03-17,VO,303.6091929647735
2026-03-18,VO,303.67605795387954
2026-03-19,VO,303.7429229205818
2026-03-20,VO,303.8097878912175
2026-03-23,VO,303.8766528611646
2026-03-24,VO,303.943517831232
2026-03-25,VO,304.0103828012784
2026-03-26,VO,304.0772477713285
2026-03-27,VO,304.14411274137785
2026-03-30,VO,304.2109777114274
2026-03-31,VO,304.27784268147695
2026-04-01,VO,304.34470765152645
2026-04-02,VO,304.411572621576
2026-04-03,VO,304.4784375916255
2026-04-06,VO,304.545302561675
2026-04-07,VO,304.61216753172454
2026-04-08,VO,304.67903250177403
2026-04-09,VO,304.7458974718236
2026-04-10,VO,304.8127624418731
2026-04-13,VO,304.8796274119226
2026-04-14,VO,304.9464923819721
2026-04-15,VO,305.01335735202167
2026-04-16,VO,305.08022232207117
2026-04-17,VO,305.1470872921207
2026-04-20,VO,305.2139522621702
2026-04-21,VO,305.28081723221976
2026-04-22,VO,305.34768220226925
2026-04-23,VO,305.4145471723188
2026-04-24,VO,305.4814121423683
2026-04-27,VO,305.5482771124178
2026-04-28,VO,305.61514208246734
2026-04-29,VO,305.68200705251684
2026-04-30,VO,305.7488720225664
2026-05-01,VO,305.8157369926159
2026-05-04,VO,305.88260196266543
2026-05-05,VO,305.9494669327149
2026-05-06,VO,306.0163319027645
2026-05-07,VO,306.08319687281397
2026-05-08,VO,306.1500618428635
2026-05-11,VO,306.216926812913
2026-05-12,VO,306.28379178296257
2026-05-13,VO,306.35065675301206
2026-05-14,VO,306.4175217230616
2026-05-15,VO,306.4843866931111
2026-05-18,VO,306.55125166316066
2026-05-19,VO,306.61811663321015
2026-05-20,VO,306.68498160325964
2026-05-21,VO,306.7518465733092
2026-05-22,VO,306.8187115433587
2026-05-25,VO,306.88557651340824
2026-05-26,VO,306.95244148345773
2026-05-27,VO,307.0193064535073
2026-05-28,VO,307.0861714235568
2026-05-29,VO,307.1530363936063
2026-06-01,VO,307.2199013636558
2026-06-02,VO,307.2867663337054
2026-06-03,VO,307.35363130375487
2026-06-04,VO,307.4204962738044
2026-06-05,VO,307.4873612438539
2026-06-08,VO,307.55422621390346
2026-06-09,VO,307.62109118395296
2026-06-10,VO,307.68795615400245
2026-06-11,VO,307.754821124052
2026-06-12,VO,307.8216860941015
2026-06-15,VO,307.88855106415105
2026-06-16,VO,307.95541603420054
2026-06-17,VO,308.0222810042501
2026-06-18,VO,308.0891459742996
2026-06-19,VO,308.15601094434913
2026-06-22,VO,308.2228759143986
2026-06-23,VO,308.2897408844482
2026-06-24,VO,308.3566058544977
2026-06-25,VO,308.4234708245472
2026-06-26,VO,308.4903357945967
2026-06-29,VO,308.55720076464627
2026-06-30,VO,308.62406573469576
2026-07-01,VO,308.6909307047453
2026-07-02,VO,308.7577956747948
2026-07-03,VO,308.8246606448443
2026-07-06,VO,308.89152561489385
2026-07-07,VO,308.95839058494334
2026-07-08,VO,309.0252555549929
2026-07-09,VO,309.0921205250424
2026-03-06,VB,275.45513999554424
2026-03-09,VB,275.5113262480006
2026-03-10,VB,275.5697312662
2026-03-11,VB,275.6275853763134
2026-03-12,VB,275.68555488689304
2026-03-13,VB,275.7435011683686
2026-03-16,VB,275.80145183686125
2026-03-17,VB,275.85940170489675
2026-03-18,VB,275.91735171672036
2026-03-19,VB,275.9753017029795
2026-03-20,VB,276.033251693756
2026-03-23,VB,276.0912016837368
2026-03-24,VB,276.1491516738575
2026-03-25,VB,276.20710166395367
2026-03-26,VB,276.2650516540541
2026-03-27,VB,276.3230016441538
2026-03-30,VB,276.3809516342536
2026-03-31,VB,276.43890162435343
2026-04-01,VB,276.49685161445325
2026-04-02,VB,276.55480160455306
2026-04-03,VB,276.6127515946529
2026-04-06,VB,276.6707015847527
2026-04-07,VB,276.7286515748525
2026-04-08,VB,276.7866015649523
2026-04-09,VB,276.84455155505213
2026-04-10,VB,276.90250154515195
2026-04-13,VB,276.96045153525176
2026-04-14,VB,277.0184015253516
2026-04-15,VB,277.0763515154514
2026-04-16,VB,277.13430150555115
2026-04-17,VB,277.19225149565096
2026-04-20,VB,277.2502014857508
2026-04-21,VB,277.3081514758506
2026-04-22,VB,277.3661014659504
2026-04-23,VB,277.4240514560502
2026-04-24,VB,277.48200144615004
2026-04-27,VB,277.53995143624985
2026-04-28,VB,277.59790142634967
2026-04-29,VB,277.6558514164495
2026-04-30,VB,277.7138014065493
2026-05-01,VB,277.7717513966491
2026-05-04,VB,277.8297013867489
2026-05-05,VB,277.88765137684874
2026-05-06,VB,277.94560136694855
2026-05-07,VB,278.00355135704837
2026-05-08,VB,278.0615013471482
2026-05-11,VB,278.119451337248
2026-05-12,VB,278.17740132734775
2026-05-13,VB,278.23535131744757
2026-05-14,VB,278.2933013075474
2026-05-15,VB,278.3512512976472
2026-05-18,VB,278.409201287747
2026-05-19,VB,278.4671512778468
2026-05-20,VB,278.52510126794664
2026-05-21,VB,278.58305125804645
2026-05-22,VB,278.64100124814627
2026-05-25,VB,278.6989512382461
2026-05-26,VB,278.7569012283459
2026-05-27,VB,278.8148512184457
2026-05-28,VB,278.8728012085455
2026-05-29,VB,278.93075119864534
2026-06-01,VB,278.98870118874515
2026-06-02,VB,279.04665117884497
2026-06-03,VB,279.1046011689448
2026-06-04,VB,279.1625511590446
2026-06-05,VB,279.2205011491444
2026-06-08,VB,279.27845113924417
2026-06-09,VB,279.336401129344
2026-06-10,VB,279.3943511194438
2026-06-11,VB,279.4523011095436
2026-06-12,VB,279.5102510996434
2026-06-15,VB,279.56820108974324
2026-06-16,VB,279.62615107984305
2026-06-17,VB,279.68410106994287
2026-06-18,VB,279.7420510600427
2026-06-19,VB,279.8000010501425
2026-06-22,VB,279.8579510402423
2026-06-23,VB,279.9159010303421
2026-06-24,VB,279.97385102044194
2026-06-25,VB,280.03180101054176
2026-06-26,VB,280.08975100064157
2026-06-29,VB,280.1477009907414
2026-06-30,VB,280.20565098084114
2026-07-01,VB,280.26360097094096
2026-07-02,VB,280.32155096104077
2026-07-03,VB,280.3795009511406
2026-07-06,VB,280.4374509412404
2026-07-07,VB,280.4954009313402
2026-07-08,VB,280.55335092144
2026-07-09,VB,280.61130091153984
2026-03-06,VGK,86.60291176786166
2026-03-09,VGK,86.61785737828149
2026-03-10,VGK,86.63305245117334
2026-03-11,VGK,86.64816024211963
2026-03-12,VGK,86.66328890956781
2026-03-13,VGK,86.67841331907525
2026-03-16,VGK,86.69353853230548
2026-03-17,VGK,86.7086635979842
2026-03-18,VGK,86.72378869056934
2026-03-19,VGK,86.73891377823523
2026-03-20,VGK,86.75403886680472
2026-03-23,VGK,86.76916395520765
2026-03-24,VGK,86.78428904364132
2026-03-25,VGK,86.79941413206933
2026-03-26,VGK,86.81453922049838
2026-03-27,VGK,86.82966430892724
2026-03-30,VGK,86.84478939735614
2026-03-31,VGK,86.85991448578501
2026-04-01,VGK,86.8750395742139
2026-04-02,VGK,86.89016466264279
2026-04-03,VGK,86.90528975107168
2026-04-06,VGK,86.92041483950057
2026-04-07,VGK,86.93553992792945
2026-04-08,VGK,86.95066501635834
2026-04-09,VGK,86.96579010478723
2026-04-10,VGK,86.98091519321612
2026-04-13,VGK,86.99604028164501
2026-04-14,VGK,87.0111653700739
2026-04-15,VGK,87.02629045850279
2026-04-16,VGK,87.04141554693167
2026-04-17,VGK,87.05654063536056
2026-04-20,VGK,87.07166572378945
2026-04-21,VGK,87.08679081221834
2026-04-22,VGK,87.10191590064721
2026-04-23,VGK,87.1170409890761
2026-04-24,VGK,87.13216607750499
2026-04-27,VGK,87.14729116593388
2026-04-28,VGK,87.16241625436277
2026-04-29,VGK,87.17754134279166
2026-04-30,VGK,87.19266643122054
2026-05-01,VGK,87.20779151964943
2026-05-04,VGK,87.22291660807832
2026-05-05,VGK,87.23804169650721
2026-05-06,VGK,87.2531667849361
2026-05-07,VGK,87.26829187336499
2026-05-08,VGK,87.28341696179388
2026-05-11,VGK,87.29854205022276
2026-05-12,VGK,87.31366713865165
2026-05-13,VGK,87.32879222708054
2026-05-14,VGK,87.34391731550942
2026-05-15,VGK,87.3590424039383
2026-05-18,VGK,87.37416749236719
2026-05-19,VGK,87.38929258079608
2026-05-20,VGK,87.40441766922497
2026-05-21,VGK,87.41954275765386
2026-05-22,VGK,87.43466784608275
2026-05-25,VGK,87.44979293451163
2026-05-26,VGK,87.46491802294052
2026-05-27,VGK,87.48004311136941
2026-05-28,VGK,87.4951681997983
2026-05-29,VGK,87.51029328822719
2026-06-01,VGK,87.52541837665608
2026-06-02,VGK,87.54054346508497
2026-06-03,VGK,87.55566855351385
2026-06-04,VGK,87.57079364194274
2026-06-05,VGK,87.58591873037162
2026-06-08,VGK,87.6010438188005
2026-06-09,VGK,87.6161689072294
2026-06-10,VGK,87.63129399565828
2026-06-11,VGK,87.64641908408717
2026-06-12,VGK,87.66154417251606
2026-06-15,VGK,87.67666926094495
2026-06-16,VGK,87.69179434937384
2026-06-17,VGK,87.70691943780272
2026-06-18,VGK,87.72204452623161
2026-06-19,VGK,87.7371696146605
2026-06-22,VGK,87.75229470308939
2026-06-23,VGK,87.76741979151828
2026-06-24,VGK,87.78254487994717
2026-06-25,VGK,87.79766996837606
2026-06-26,VGK,87.81279505680494
2026-06-29,VGK,87.82792014523382
2026-06-30,VGK,87.8430452336627
2026-07-01,VGK,87.8581703220916
2026-07-02,VGK,87.87329541052048
2026-07-03,VGK,87.88842049894937
2026-07-06,VGK,87.90354558737826
2026-07-07,VGK,87.91867067580715
2026-07-08,VGK,87.93379576423604
2026-07-09,VGK,87.94892085266493
